Time_In,Time_out,Student_ID,Tutor_ID
2020-03-27T17:39:07.000Z,2020-03-27T20:37:54.000Z,1963737,1753990
2020-03-27T17:56:06.000Z,2020-03-27T20:04:50.000Z,5219957,1753990
2020-03-27T18:18:35.000Z,2020-03-27T19:06:48.000Z,6024484,1753990
2020-03-27T18:53:34.000Z,2020-03-27T19:47:24.000Z,9071747,1753990
2020-03-27T19:20:54.000Z,2020-03-27T19:56:54.000Z,5026761,5204243
2020-03-27T19:35:24.000Z,2020-03-27T19:37:42.000Z,2874688,1699683
2020-03-27T19:42:12.000Z,2020-03-27T19:54:58.000Z,1402926,1496356
2020-03-27T19:43:14.000Z,2020-03-27T19:49:22.000Z,6872208,1753990
2020-03-27T20:30:22.000Z,2020-03-27T21:44:57.000Z,5368818,1496356
2020-03-27T20:32:06.000Z,2020-03-27T21:00:25.000Z,7656016,1699683
2020-03-27T20:36:40.000Z,2020-03-27T21:19:44.000Z,3909852,1699683
2020-03-27T20:58:04.000Z,2020-03-27T21:04:18.000Z,6937919,5204243
2020-03-27T20:58:34.000Z,2020-03-27T21:19:25.000Z,7914367,1753990
2020-03-27T21:01:59.000Z,2020-03-27T21:34:49.000Z,7436685,1699683
2020-03-27T21:03:21.000Z,2020-03-27T21:10:27.000Z,6243026,5204243
2020-03-27T21:03:56.000Z,2020-03-27T21:50:20.000Z,9618233,1496356
2020-03-27T21:06:22.000Z,2020-03-27T23:13:39.000Z,1973781,404943
2020-03-27T21:10:32.000Z,2020-03-27T21:25:21.000Z,7036954,1699683
2020-03-27T21:16:20.000Z,2020-03-27T21:18:33.000Z,4326925,5204243
2020-03-27T21:28:02.000Z,2020-03-27T21:34:38.000Z,5660315,5204243
2020-03-27T21:35:35.000Z,2020-03-27T22:08:40.000Z,2199317,1496356
2020-03-27T21:37:29.000Z,2020-03-27T22:02:41.000Z,7039342,404943
2020-03-27T21:37:57.000Z,2020-03-27T21:41:27.000Z,8181785,5204243
2020-03-27T21:44:24.000Z,2020-03-27T21:46:06.000Z,1025997,1699683
2020-03-27T22:05:09.000Z,2020-03-27T22:11:33.000Z,5572981,1496356
2020-03-27T22:06:55.000Z,2020-03-27T22:13:08.000Z,636094,1496356
2020-03-27T22:10:07.000Z,2020-03-28T00:23:42.000Z,8521220,6102098
2020-03-27T22:22:52.000Z,2020-03-27T22:58:16.000Z,704366,404943
2020-03-27T22:25:12.000Z,2020-03-27T23:30:55.000Z,1664465,404943
2020-03-27T22:27:24.000Z,2020-03-28T00:26:56.000Z,1849457,6102098
2020-03-27T22:32:10.000Z,2020-03-27T23:33:17.000Z,5259115,6102098
2020-03-27T23:02:33.000Z,2020-03-27T23:03:15.000Z,9305823,404943
2020-03-27T23:18:10.000Z,2020-03-27T23:46:39.000Z,8296570,404943
2020-03-27T23:39:06.000Z,2020-03-28T00:12:55.000Z,7788115,6102098
2020-03-28T00:26:17.000Z,2020-03-28T00:49:16.000Z,9785380,6102098
2020-03-28T00:57:43.000Z,2020-03-28T00:59:27.000Z,8786813,6102098
2020-03-30T17:24:51.000Z,2020-03-30T17:40:51.000Z,6546000,1753990
2020-03-30T17:37:59.000Z,2020-03-30T18:51:30.000Z,2333800,1753990
2020-03-30T17:50:21.000Z,2020-03-30T17:57:53.000Z,898787,1753990
2020-03-30T17:50:43.000Z,2020-03-30T18:08:12.000Z,7901042,1753990
2020-03-30T18:53:34.000Z,2020-03-30T18:59:05.000Z,4939284,1753990
2020-03-30T18:55:21.000Z,2020-03-30T18:57:49.000Z,1067931,1753990
2020-03-30T20:25:26.000Z,2020-03-30T20:33:15.000Z,1668159,606173
2020-03-30T20:29:14.000Z,2020-03-30T21:22:56.000Z,4676244,606173
2020-03-30T20:35:32.000Z,2020-03-30T21:56:50.000Z,333701,606173
2020-03-30T20:59:58.000Z,2020-03-30T21:48:31.000Z,7766641,606173
2020-03-30T21:14:13.000Z,2020-03-30T21:31:21.000Z,1705770,606173
2020-03-30T21:25:54.000Z,2020-03-30T22:01:51.000Z,127055,8383371
2020-03-30T21:27:18.000Z,2020-03-30T21:52:46.000Z,725665,6304341
2020-03-30T21:28:09.000Z,2020-03-30T22:39:57.000Z,1256821,7454223
2020-03-30T21:34:48.000Z,2020-03-30T23:06:09.000Z,1403269,6304341
2020-03-30T21:35:27.000Z,2020-03-30T22:25:53.000Z,1947636,6304341
2020-03-30T21:42:53.000Z,2020-03-30T21:47:05.000Z,155422,6304341
2020-03-30T21:43:15.000Z,2020-03-30T21:44:13.000Z,3298448,606173
2020-03-30T21:49:35.000Z,2020-03-30T22:43:33.000Z,5179167,6304341
2020-03-30T22:05:16.000Z,2020-03-30T23:32:58.000Z,433192,8383371
2020-03-30T22:29:54.000Z,2020-03-30T23:30:49.000Z,292719,7454223
2020-03-30T22:34:19.000Z,2020-03-30T23:53:30.000Z,9260808,7109780
2020-03-30T22:37:38.000Z,2020-03-30T23:01:39.000Z,3441527,8383371
2020-03-30T22:46:03.000Z,2020-03-30T23:24:28.000Z,1414979,8383371
2020-03-30T22:48:53.000Z,2020-03-31T00:00:01.000Z,437483,7454223
2020-03-30T22:55:03.000Z,2020-03-30T23:22:44.000Z,5986341,8383371
2020-03-30T22:59:18.000Z,2020-03-30T23:16:12.000Z,7504698,8383371
2020-03-30T23:07:16.000Z,2020-03-30T23:07:18.000Z,9903631,6304341
2020-03-30T23:20:00.000Z,2020-03-30T23:26:52.000Z,2995133,7109780
2020-03-30T23:25:27.000Z,2020-03-30T23:28:49.000Z,1838727,7109780
2020-03-30T23:25:59.000Z,2020-03-30T23:33:12.000Z,1478063,7109780
2020-03-30T23:35:06.000Z,2020-03-30T23:42:36.000Z,4243119,7109780
2020-03-30T23:38:04.000Z,2020-03-31T00:14:18.000Z,4189002,7109780
2020-03-31T00:06:17.000Z,2020-03-31T00:28:28.000Z,15044,7454223
2020-03-31T00:08:20.000Z,2020-03-31T00:13:58.000Z,8211191,7454223
2020-03-31T00:29:57.000Z,2020-03-31T00:34:33.000Z,7611778,7454223
2020-03-31T18:00:27.000Z,2020-03-31T18:16:04.000Z,6064458,2764364
2020-03-31T18:02:14.000Z,2020-03-31T18:20:25.000Z,4789784,7067771
2020-03-31T18:02:44.000Z,2020-03-31T19:21:08.000Z,8661537,2764364
2020-03-31T18:03:24.000Z,2020-03-31T18:20:02.000Z,8378991,8626044
2020-03-31T18:10:16.000Z,2020-03-31T18:16:25.000Z,1918194,2764364
2020-03-31T18:18:42.000Z,2020-03-31T18:27:08.000Z,1704226,2764364
2020-03-31T18:36:19.000Z,2020-03-31T19:21:58.000Z,6651135,8626044
2020-03-31T18:42:03.000Z,2020-03-31T20:49:42.000Z,8602373,7067771
2020-03-31T18:59:22.000Z,2020-03-31T21:19:44.000Z,5561849,7067771
2020-03-31T19:01:30.000Z,2020-03-31T19:21:32.000Z,9039021,8626044
2020-03-31T19:13:00.000Z,2020-03-31T19:22:17.000Z,6232759,2764364
2020-03-31T19:18:07.000Z,2020-03-31T19:20:38.000Z,8548671,8626044
2020-03-31T19:19:11.000Z,2020-03-31T19:49:58.000Z,1312637,7067771
2020-03-31T19:19:47.000Z,2020-03-31T19:26:34.000Z,3515038,2764364
2020-03-31T19:21:55.000Z,2020-03-31T19:32:52.000Z,6154800,8626044
2020-03-31T19:29:45.000Z,2020-03-31T19:34:43.000Z,744506,8626044
2020-03-31T19:45:25.000Z,2020-03-31T20:16:44.000Z,3856928,2849732
2020-03-31T19:50:59.000Z,2020-03-31T20:34:57.000Z,3853094,2849732
2020-03-31T19:57:29.000Z,2020-03-31T20:02:56.000Z,5968645,2849732
2020-03-31T20:16:07.000Z,2020-03-31T20:31:46.000Z,497632,2849732
2020-03-31T20:22:48.000Z,2020-03-31T21:05:26.000Z,4630873,7195993
2020-03-31T20:24:21.000Z,2020-03-31T23:24:27.000Z,5914266,7195993
2020-03-31T20:28:42.000Z,2020-03-31T21:22:15.000Z,886016,7067771
2020-03-31T20:40:01.000Z,2020-03-31T20:43:36.000Z,2666079,2849732
2020-03-31T20:41:35.000Z,2020-03-31T20:42:26.000Z,6249873,2849732
2020-03-31T20:56:11.000Z,2020-03-31T20:56:50.000Z,3334582,7195993
2020-03-31T21:03:14.000Z,2020-03-31T21:20:09.000Z,9126334,7067771
2020-03-31T21:17:37.000Z,2020-03-31T22:24:48.000Z,9817778,5204243
2020-03-31T21:20:08.000Z,2020-03-31T21:35:15.000Z,2444963,5204243
2020-03-31T21:23:55.000Z,2020-03-31T21:26:14.000Z,3880581,5204243
2020-03-31T21:38:21.000Z,2020-03-31T22:16:12.000Z,8734648,391715
2020-03-31T21:39:02.000Z,2020-03-31T23:27:18.000Z,9859193,391715
2020-03-31T22:14:23.000Z,2020-03-31T23:09:25.000Z,524987,391715
2020-03-31T22:17:48.000Z,2020-03-31T22:45:41.000Z,8105024,7195993
2020-03-31T22:24:52.000Z,2020-03-31T22:40:08.000Z,6558627,7195993
2020-03-31T22:30:07.000Z,2020-03-31T22:37:45.000Z,340392,5204243
2020-03-31T22:30:57.000Z,2020-03-31T22:50:18.000Z,9799739,5204243
2020-03-31T22:37:05.000Z,2020-03-31T22:39:06.000Z,3698020,5204243
2020-03-31T22:37:49.000Z,2020-03-31T23:07:11.000Z,5003392,391715
2020-03-31T22:43:01.000Z,2020-03-31T23:46:39.000Z,7531118,391715
2020-03-31T23:06:56.000Z,2020-03-31T23:11:09.000Z,4847656,391715
2020-03-31T23:21:36.000Z,2020-03-31T23:41:27.000Z,5923559,7195993
2020-04-01T17:11:04.000Z,2020-04-01T17:34:50.000Z,4151267,7980323
2020-04-01T17:32:37.000Z,2020-04-01T18:58:08.000Z,2804555,7980323
2020-04-01T17:41:11.000Z,2020-04-01T19:06:00.000Z,2379645,7109780
2020-04-01T17:43:07.000Z,2020-04-01T19:37:41.000Z,8390004,7980323
2020-04-01T17:49:48.000Z,2020-04-01T19:13:19.000Z,9328774,7980323
2020-04-01T17:51:10.000Z,2020-04-01T19:43:11.000Z,9043720,7109780
2020-04-01T17:52:31.000Z,2020-04-01T18:00:48.000Z,9774509,7980323
2020-04-01T17:56:53.000Z,2020-04-01T18:44:38.000Z,734844,7980323
2020-04-01T17:57:45.000Z,2020-04-01T19:30:17.000Z,2689441,8996052
2020-04-01T18:02:03.000Z,2020-04-01T18:53:36.000Z,3172092,5313296
2020-04-01T18:06:19.000Z,2020-04-01T18:25:10.000Z,1914906,5313296
2020-04-01T18:16:46.000Z,2020-04-01T18:50:34.000Z,5625699,5313296
2020-04-01T18:33:01.000Z,2020-04-01T18:50:36.000Z,8654519,5313296
2020-04-01T18:43:41.000Z,2020-04-01T18:44:06.000Z,2643205,7109780
2020-04-01T18:45:56.000Z,2020-04-01T20:12:17.000Z,5145396,8996052
2020-04-01T18:49:21.000Z,2020-04-01T19:03:31.000Z,3265316,7109780
2020-04-01T18:50:29.000Z,2020-04-01T18:52:59.000Z,54693,5313296
2020-04-01T18:51:54.000Z,2020-04-01T18:53:13.000Z,4321857,5313296
2020-04-01T18:53:15.000Z,2020-04-01T20:22:18.000Z,3895327,8996052
2020-04-01T18:56:22.000Z,2020-04-01T19:33:54.000Z,5012116,8996052
2020-04-01T19:05:37.000Z,2020-04-01T19:14:51.000Z,4465333,7109780
2020-04-01T19:06:52.000Z,2020-04-01T20:45:18.000Z,703141,8996052
2020-04-01T19:13:43.000Z,2020-04-01T19:33:36.000Z,3576382,7109780
2020-04-01T19:40:01.000Z,2020-04-01T20:32:44.000Z,6048469,5301814
2020-04-01T19:47:21.000Z,2020-04-01T20:08:50.000Z,8201072,5301814
2020-04-01T19:47:34.000Z,2020-04-01T20:14:48.000Z,1053691,2382928
2020-04-01T19:53:48.000Z,2020-04-01T20:28:18.000Z,9316619,2382928
2020-04-01T19:55:25.000Z,2020-04-01T21:01:53.000Z,72103,5301814
2020-04-01T20:11:41.000Z,2020-04-01T20:40:43.000Z,188424,5301814
2020-04-01T20:16:55.000Z,2020-04-01T21:11:01.000Z,5589968,2382928
2020-04-01T20:18:44.000Z,2020-04-01T21:11:44.000Z,5542763,5301814
2020-04-01T20:26:47.000Z,2020-04-01T20:48:27.000Z,8520026,2382928
2020-04-01T20:38:29.000Z,2020-04-01T20:44:03.000Z,8800569,2382928
2020-04-01T20:44:05.000Z,2020-04-01T20:45:38.000Z,7083459,8996052
2020-04-01T20:53:06.000Z,2020-04-01T21:05:32.000Z,1238604,7372648
2020-04-01T20:53:13.000Z,2020-04-01T21:03:44.000Z,3674481,7372648
2020-04-01T20:56:56.000Z,2020-04-01T22:39:01.000Z,1877551,8146546
2020-04-01T21:00:00.000Z,2020-04-01T21:06:59.000Z,1162798,5301814
2020-04-01T21:03:09.000Z,2020-04-01T21:03:47.000Z,659607,7372648
2020-04-01T21:11:19.000Z,2020-04-01T21:32:59.000Z,9113169,7372648
2020-04-01T21:13:29.000Z,2020-04-01T21:18:10.000Z,1983358,2382928
2020-04-01T21:18:22.000Z,2020-04-01T21:26:50.000Z,6325104,7372648
2020-04-01T21:20:41.000Z,2020-04-01T21:38:29.000Z,9691688,7372648
2020-04-01T21:26:15.000Z,2020-04-01T22:32:01.000Z,4926351,8146546
2020-04-01T21:42:20.000Z,2020-04-01T22:46:43.000Z,873176,8146546
2020-04-01T22:01:16.000Z,2020-04-01T22:33:37.000Z,6045229,8146546
2020-04-01T22:06:38.000Z,2020-04-01T23:22:33.000Z,8931735,5098338
2020-04-01T22:32:23.000Z,2020-04-01T22:48:11.000Z,8477936,8146546
2020-04-01T22:42:24.000Z,2020-04-01T23:09:53.000Z,5221442,5098338
2020-04-01T22:49:50.000Z,2020-04-01T23:03:22.000Z,4384118,5098338
2020-04-01T22:51:55.000Z,2020-04-01T22:54:09.000Z,1113306,8146546
2020-04-01T23:13:57.000Z,2020-04-01T23:22:05.000Z,1275821,5098338
2020-04-01T23:21:32.000Z,2020-04-01T23:26:17.000Z,7594724,5098338
2020-04-01T23:25:01.000Z,2020-04-01T23:28:33.000Z,1792116,5098338
2020-04-02T17:57:05.000Z,2020-04-02T18:01:53.000Z,4953430,5334466
2020-04-02T18:10:18.000Z,2020-04-02T18:34:13.000Z,4386330,5334466
2020-04-02T18:21:31.000Z,2020-04-02T19:00:32.000Z,7737804,4999354
2020-04-02T18:25:45.000Z,2020-04-02T18:44:05.000Z,9676092,4999354
2020-04-02T18:34:50.000Z,2020-04-02T18:52:45.000Z,6564129,8636887
2020-04-02T18:38:53.000Z,2020-04-02T19:29:32.000Z,1060234,4999354
2020-04-02T18:39:52.000Z,2020-04-02T20:16:53.000Z,329738,5334466
2020-04-02T18:51:14.000Z,2020-04-02T20:16:14.000Z,7709870,5334466
2020-04-02T18:59:47.000Z,2020-04-02T20:15:57.000Z,6692381,5789122
2020-04-02T19:05:14.000Z,2020-04-02T20:00:06.000Z,5765900,4999354
2020-04-02T19:06:11.000Z,2020-04-02T20:03:31.000Z,4842073,8636887
2020-04-02T19:09:47.000Z,2020-04-02T21:08:55.000Z,1972636,5789122
2020-04-02T19:14:37.000Z,2020-04-02T19:29:54.000Z,5840653,4999354
2020-04-02T19:16:14.000Z,2020-04-02T19:46:56.000Z,6426056,5789122
2020-04-02T19:18:57.000Z,2020-04-02T20:13:32.000Z,3572933,5789122
2020-04-02T19:22:10.000Z,2020-04-02T19:33:21.000Z,1391832,5334466
2020-04-02T19:29:34.000Z,2020-04-02T19:51:28.000Z,2984092,8636887
2020-04-02T19:29:55.000Z,2020-04-02T19:30:38.000Z,1801036,8636887
2020-04-02T19:45:16.000Z,2020-04-02T21:25:09.000Z,5930678,5789122
2020-04-02T19:47:16.000Z,2020-04-02T20:58:38.000Z,7241949,391715
2020-04-02T19:50:32.000Z,2020-04-02T20:03:14.000Z,4234997,5334466
2020-04-02T19:54:21.000Z,2020-04-02T21:05:02.000Z,5397069,1013591
2020-04-02T19:54:59.000Z,2020-04-02T22:34:13.000Z,9265883,1013591
2020-04-02T19:56:34.000Z,2020-04-02T20:33:53.000Z,2390622,391715
2020-04-02T19:57:23.000Z,2020-04-02T20:16:53.000Z,9766734,4999354
2020-04-02T19:59:03.000Z,2020-04-02T20:06:44.000Z,5542296,5789122
2020-04-02T20:03:36.000Z,2020-04-02T22:23:14.000Z,6886119,1699683
2020-04-02T20:07:07.000Z,2020-04-02T20:40:43.000Z,9314420,2849732
2020-04-02T20:15:06.000Z,2020-04-02T22:11:33.000Z,2436400,1699683
2020-04-02T20:17:14.000Z,2020-04-02T20:51:38.000Z,2609210,2849732
2020-04-02T20:20:23.000Z,2020-04-02T20:20:52.000Z,81737,8636887
2020-04-02T20:20:51.000Z,2020-04-02T21:37:53.000Z,6736347,1496356
2020-04-02T20:29:39.000Z,2020-04-02T20:38:52.000Z,5593502,2849732
2020-04-02T20:31:06.000Z,2020-04-02T21:32:14.000Z,7357607,1496356
2020-04-02T20:31:26.000Z,2020-04-02T21:13:32.000Z,1025059,1496356
2020-04-02T20:34:06.000Z,2020-04-02T20:43:53.000Z,3223474,391715
2020-04-02T20:37:00.000Z,2020-04-02T22:16:42.000Z,4801545,1699683
2020-04-02T20:38:05.000Z,2020-04-02T21:00:56.000Z,4579281,1496356
2020-04-02T20:41:54.000Z,2020-04-02T21:02:53.000Z,5327573,391715
2020-04-02T20:49:20.000Z,2020-04-02T20:49:45.000Z,4727455,8636887
2020-04-02T20:49:41.000Z,2020-04-02T20:54:30.000Z,9983442,391715
2020-04-02T20:52:02.000Z,2020-04-02T21:02:02.000Z,8375568,2849732
2020-04-02T20:52:15.000Z,2020-04-02T20:53:47.000Z,3126239,391715
2020-04-02T20:53:45.000Z,2020-04-02T21:46:11.000Z,8535205,1013591
2020-04-02T20:58:35.000Z,2020-04-02T21:29:13.000Z,6461985,1496356
2020-04-02T21:09:35.000Z,2020-04-02T22:08:33.000Z,1896498,1013591
2020-04-02T21:27:26.000Z,2020-04-03T00:33:33.000Z,2935511,3192544
2020-04-02T21:30:48.000Z,2020-04-03T00:22:15.000Z,2108011,3192544
2020-04-02T21:32:17.000Z,2020-04-02T23:35:46.000Z,8292717,3192544
2020-04-02T21:37:32.000Z,2020-04-02T21:50:24.000Z,7636732,1496356
2020-04-02T21:43:52.000Z,2020-04-03T00:27:07.000Z,5809973,2583861
2020-04-02T21:48:42.000Z,2020-04-02T22:20:05.000Z,2792046,2833794
2020-04-02T21:51:34.000Z,2020-04-02T23:04:05.000Z,9839399,3192544
2020-04-02T21:58:59.000Z,2020-04-02T22:33:27.000Z,2316954,2849732
2020-04-02T22:00:38.000Z,2020-04-02T22:19:20.000Z,3991615,3989471
2020-04-02T22:00:51.000Z,2020-04-02T22:02:49.000Z,6617972,2583861
2020-04-02T22:03:06.000Z,2020-04-02T22:26:03.000Z,9541090,1013591
2020-04-02T22:03:10.000Z,2020-04-02T23:13:01.000Z,3969477,3989471
2020-04-02T22:04:02.000Z,2020-04-02T22:06:30.000Z,6493808,2833794
2020-04-02T22:07:23.000Z,2020-04-02T22:15:13.000Z,5314431,2833794
2020-04-02T22:07:57.000Z,2020-04-02T22:08:39.000Z,2575744,2849732
2020-04-02T22:09:12.000Z,2020-04-02T22:42:11.000Z,5438644,2833794
2020-04-02T22:11:53.000Z,2020-04-02T22:14:57.000Z,9658314,2833794
2020-04-02T22:14:03.000Z,2020-04-02T23:04:50.000Z,8249066,1699683
2020-04-02T22:14:35.000Z,2020-04-02T23:40:11.000Z,1230989,3989471
2020-04-02T22:20:06.000Z,2020-04-02T22:29:56.000Z,4155840,1699683
2020-04-02T22:20:33.000Z,2020-04-02T22:28:47.000Z,6713312,2833794
2020-04-02T22:26:29.000Z,2020-04-03T01:12:15.000Z,742852,8383371
2020-04-02T22:27:10.000Z,2020-04-02T22:37:17.000Z,7137494,1013591
2020-04-02T22:43:17.000Z,2020-04-02T23:05:10.000Z,4124388,1699683
2020-04-02T22:43:40.000Z,2020-04-02T23:01:23.000Z,3738302,8383371
2020-04-02T22:57:01.000Z,2020-04-03T00:24:07.000Z,6180260,2583861
2020-04-02T23:04:18.000Z,2020-04-02T23:28:17.000Z,2948155,2583861
2020-04-02T23:19:43.000Z,2020-04-03T00:33:11.000Z,3041352,3989471
2020-04-02T23:38:06.000Z,2020-04-03T00:30:35.000Z,6376914,2583861
2020-04-02T23:46:18.000Z,2020-04-02T23:56:29.000Z,2732931,3192544
2020-04-02T23:54:22.000Z,2020-04-03T00:35:16.000Z,2018684,3989471
2020-04-03T00:05:49.000Z,2020-04-03T00:12:16.000Z,5159179,3989471
2020-04-03T00:06:17.000Z,2020-04-03T00:30:58.000Z,6951663,2583861
2020-04-03T00:24:53.000Z,2020-04-03T00:57:38.000Z,2613224,3192544
2020-04-03T00:48:58.000Z,2020-04-03T01:13:50.000Z,4790553,8383371
2020-04-03T01:00:27.000Z,2020-04-03T01:18:29.000Z,5991326,8383371
2020-04-03T01:05:43.000Z,2020-04-03T01:19:32.000Z,9446541,8383371
2020-04-03T01:16:40.000Z,2020-04-03T01:20:36.000Z,9389896,8383371
2020-04-03T17:20:48.000Z,2020-04-03T18:23:43.000Z,8746977,8626044
2020-04-03T17:20:49.000Z,2020-04-03T18:37:32.000Z,368790,8626044
2020-04-03T17:36:40.000Z,2020-04-03T17:55:05.000Z,8619937,5301814
2020-04-03T17:49:07.000Z,2020-04-03T18:50:20.000Z,1903911,5301814
2020-04-03T18:06:14.000Z,2020-04-03T18:37:13.000Z,6162698,8626044
2020-04-03T18:09:11.000Z,2020-04-03T19:07:49.000Z,6185010,5301814
2020-04-03T18:11:31.000Z,2020-04-03T18:40:09.000Z,328031,8626044
2020-04-03T18:12:18.000Z,2020-04-03T19:03:38.000Z,3969822,5301814
2020-04-03T18:18:11.000Z,2020-04-03T19:29:04.000Z,2869376,2583861
2020-04-03T18:27:03.000Z,2020-04-03T18:29:01.000Z,4072731,8626044
2020-04-03T18:29:34.000Z,2020-04-03T19:05:59.000Z,3288182,2583861
2020-04-03T18:31:11.000Z,2020-04-03T18:39:16.000Z,6848161,8626044
2020-04-03T18:41:40.000Z,2020-04-03T20:03:04.000Z,1492610,2583861
2020-04-03T18:48:10.000Z,2020-04-03T19:15:08.000Z,7517594,2583861
2020-04-03T18:59:13.000Z,2020-04-03T19:56:27.000Z,8216919,7067771
2020-04-03T19:03:21.000Z,2020-04-03T19:04:32.000Z,5830049,5301814
2020-04-03T19:05:52.000Z,2020-04-03T19:45:53.000Z,6547604,7067771
2020-04-03T19:08:37.000Z,2020-04-03T20:03:25.000Z,7089840,7067771
2020-04-03T19:14:36.000Z,2020-04-03T20:02:53.000Z,6279061,2583861
2020-04-03T19:24:49.000Z,2020-04-03T19:27:14.000Z,9904560,7067771
2020-04-03T19:27:41.000Z,2020-04-03T19:36:28.000Z,2356861,5301814
2020-04-03T19:30:25.000Z,2020-04-03T21:06:42.000Z,918916,8146546
2020-04-03T19:35:06.000Z,2020-04-03T19:36:19.000Z,998139,2583861
2020-04-03T19:39:06.000Z,2020-04-03T19:50:38.000Z,7154273,7067771
2020-04-03T19:44:39.000Z,2020-04-03T20:39:25.000Z,1180132,8146546
2020-04-03T19:52:08.000Z,2020-04-03T20:02:48.000Z,1532302,7067771
2020-04-03T20:36:40.000Z,2020-04-03T20:55:03.000Z,9764903,1013591
2020-04-03T20:37:34.000Z,2020-04-03T21:16:24.000Z,9668757,8146546
2020-04-03T20:38:27.000Z,2020-04-03T21:41:44.000Z,7522758,8146546
2020-04-03T20:40:28.000Z,2020-04-03T23:49:30.000Z,3710180,606173
2020-04-03T20:42:12.000Z,2020-04-03T21:28:07.000Z,8342906,1013591
2020-04-03T20:45:45.000Z,2020-04-03T21:08:00.000Z,3893055,8146546
2020-04-03T20:50:59.000Z,2020-04-03T21:02:40.000Z,1144701,1753990
2020-04-03T21:00:40.000Z,2020-04-03T22:06:57.000Z,8609522,1905876
2020-04-03T21:07:56.000Z,2020-04-03T22:49:03.000Z,5150378,606173
2020-04-03T21:15:15.000Z,2020-04-03T21:56:21.000Z,6844529,1905876
2020-04-03T21:15:33.000Z,2020-04-03T22:08:47.000Z,1534726,1905876
2020-04-03T21:18:44.000Z,2020-04-03T22:04:29.000Z,9530000,1753990
2020-04-03T21:21:14.000Z,2020-04-03T21:27:26.000Z,8727277,1905876
2020-04-03T21:25:47.000Z,2020-04-03T22:00:06.000Z,9803215,1905876
2020-04-03T21:28:30.000Z,2020-04-03T21:33:28.000Z,1206809,1753990
2020-04-03T21:28:52.000Z,2020-04-03T21:59:45.000Z,3884832,1753990
2020-04-03T21:35:46.000Z,2020-04-03T22:04:17.000Z,9055997,1013591
2020-04-03T21:39:26.000Z,2020-04-03T21:40:29.000Z,2492694,8146546
2020-04-03T21:39:46.000Z,2020-04-03T21:55:35.000Z,1514561,1905876
2020-04-03T21:42:37.000Z,2020-04-03T23:32:02.000Z,2813788,606173
2020-04-03T21:46:26.000Z,2020-04-03T21:53:59.000Z,2636004,1013591
2020-04-03T21:48:20.000Z,2020-04-03T21:57:55.000Z,1044111,1013591
2020-04-03T21:50:45.000Z,2020-04-03T22:08:54.000Z,92792,1013591
2020-04-03T21:57:41.000Z,2020-04-04T00:05:33.000Z,75860,606173
2020-04-03T21:58:47.000Z,2020-04-03T22:43:57.000Z,1558389,1753990
2020-04-03T22:36:48.000Z,2020-04-03T22:43:00.000Z,4668482,1753990
2020-04-03T22:58:31.000Z,2020-04-03T23:48:34.000Z,4403723,606173
2020-04-03T23:09:41.000Z,2020-04-03T23:53:54.000Z,7020273,606173
2020-04-06T18:04:36.000Z,2020-04-06T18:40:38.000Z,5306521,6669765
2020-04-06T19:00:21.000Z,2020-04-06T19:09:13.000Z,9893402,6669765
2020-04-06T19:28:48.000Z,2020-04-06T19:34:53.000Z,6552393,6669765
2020-04-06T19:33:50.000Z,2020-04-06T19:36:22.000Z,6627488,6669765
2020-04-06T19:34:09.000Z,2020-04-06T19:44:50.000Z,8596725,6669765
2020-04-06T19:38:32.000Z,2020-04-06T19:38:36.000Z,5305815,6669765
2020-04-06T19:56:59.000Z,2020-04-06T20:02:42.000Z,2076984,3989471
2020-04-06T19:57:36.000Z,2020-04-06T20:11:42.000Z,3585990,8996052
2020-04-06T20:00:50.000Z,2020-04-06T21:23:56.000Z,6306980,8996052
2020-04-06T20:07:51.000Z,2020-04-06T20:19:03.000Z,6345792,3989471
2020-04-06T20:08:38.000Z,2020-04-06T20:59:15.000Z,139016,7109780
2020-04-06T20:20:20.000Z,2020-04-06T22:07:03.000Z,8217966,7109780
2020-04-06T20:21:44.000Z,2020-04-06T21:54:04.000Z,4479100,8996052
2020-04-06T20:23:16.000Z,2020-04-06T20:40:54.000Z,4562087,3989471
2020-04-06T20:29:49.000Z,2020-04-06T22:46:59.000Z,8982697,8996052
2020-04-06T20:32:28.000Z,2020-04-06T20:34:25.000Z,4280715,3989471
2020-04-06T20:36:26.000Z,2020-04-06T21:44:53.000Z,6744910,8996052
2020-04-06T20:37:46.000Z,2020-04-06T20:52:20.000Z,86914,3989471
2020-04-06T20:50:10.000Z,2020-04-06T20:53:42.000Z,225841,3989471
2020-04-06T21:47:47.000Z,2020-04-06T21:50:48.000Z,7319509,9113654
2020-04-06T21:50:14.000Z,2020-04-06T22:32:35.000Z,1233851,9113654
2020-04-06T21:55:51.000Z,2020-04-06T22:38:37.000Z,4383413,9113654
2020-04-06T21:56:11.000Z,2020-04-06T22:31:46.000Z,3579586,8996052
2020-04-06T22:02:13.000Z,2020-04-06T22:18:37.000Z,7068814,7109780
2020-04-06T22:10:21.000Z,2020-04-06T22:10:29.000Z,5796420,9113654
2020-04-06T22:14:43.000Z,2020-04-06T22:33:39.000Z,5707229,7109780
2020-04-06T22:18:48.000Z,2020-04-06T22:34:37.000Z,6295882,9113654
2020-04-06T22:19:04.000Z,2020-04-06T22:21:00.000Z,3087985,9113654
2020-04-06T22:32:51.000Z,2020-04-06T22:59:29.000Z,1770730,7109780
2020-04-06T22:36:09.000Z,2020-04-06T22:36:21.000Z,5357868,7109780
2020-04-07T17:23:31.000Z,2020-04-07T17:56:39.000Z,3490724,2382928
2020-04-07T17:37:42.000Z,2020-04-07T18:17:47.000Z,6977966,2382928
2020-04-07T17:55:20.000Z,2020-04-07T20:48:12.000Z,262281,7067771
2020-04-07T18:03:15.000Z,2020-04-07T19:04:51.000Z,9832697,2382928
2020-04-07T18:04:44.000Z,2020-04-07T18:15:38.000Z,3827785,7067771
2020-04-07T18:42:26.000Z,2020-04-07T18:55:34.000Z,4963039,2382928
2020-04-07T18:58:09.000Z,2020-04-07T19:04:51.000Z,3240757,2382928
2020-04-07T18:58:16.000Z,2020-04-07T19:04:43.000Z,2251897,2382928
2020-04-07T19:11:19.000Z,2020-04-07T20:56:12.000Z,7492208,7067771
2020-04-07T19:31:17.000Z,2020-04-07T20:08:32.000Z,7933236,7067771
2020-04-07T19:44:40.000Z,2020-04-07T19:55:17.000Z,8433184,7067771
2020-04-07T19:50:59.000Z,2020-04-07T19:54:33.000Z,7190895,7067771
2020-04-07T20:22:54.000Z,2020-04-07T21:10:35.000Z,175636,1496356
2020-04-07T20:24:53.000Z,2020-04-07T21:05:44.000Z,6596643,9134724
2020-04-07T20:31:57.000Z,2020-04-07T20:56:56.000Z,2573166,1496356
2020-04-07T20:33:46.000Z,2020-04-07T20:39:43.000Z,6417417,1496356
2020-04-07T20:37:41.000Z,2020-04-07T20:58:58.000Z,4375469,1496356
2020-04-07T20:42:00.000Z,2020-04-07T21:03:36.000Z,9520003,9134724
2020-04-07T20:42:47.000Z,2020-04-07T21:03:24.000Z,6587355,1496356
2020-04-07T20:53:18.000Z,2020-04-07T20:57:50.000Z,9936847,1496356
2020-04-07T20:58:10.000Z,2020-04-07T21:22:04.000Z,899697,9134724
2020-04-07T21:06:05.000Z,2020-04-07T21:47:22.000Z,714385,9134724
2020-04-07T21:11:38.000Z,2020-04-07T21:20:15.000Z,2388927,9134724
2020-04-07T21:12:25.000Z,2020-04-07T22:38:01.000Z,4516501,7980323
2020-04-07T21:17:10.000Z,2020-04-07T23:56:43.000Z,1594847,7980323
2020-04-07T21:17:53.000Z,2020-04-07T21:46:26.000Z,8812925,9134724
2020-04-07T21:44:13.000Z,2020-04-07T22:18:53.000Z,9677609,7980323
2020-04-07T21:47:23.000Z,2020-04-07T22:46:04.000Z,8079936,7980323
2020-04-07T22:03:24.000Z,2020-04-07T22:14:07.000Z,5832948,7980323
2020-04-07T22:08:50.000Z,2020-04-07T23:16:39.000Z,2964513,2303104
2020-04-07T22:15:43.000Z,2020-04-07T23:00:31.000Z,2271754,2303104
2020-04-07T23:42:10.000Z,2020-04-08T00:02:25.000Z,1210981,7980323
2020-04-08T00:12:27.000Z,2020-04-08T00:54:39.000Z,2906112,2303104
2020-04-08T00:25:57.000Z,2020-04-08T01:13:30.000Z,5574485,2303104
2020-04-08T01:06:08.000Z,2020-04-08T01:11:53.000Z,5833245,2303104
2020-04-08T01:16:28.000Z,2020-04-08T01:16:48.000Z,1894262,2303104
2020-04-08T17:31:12.000Z,2020-04-08T18:33:48.000Z,2481033,6818734
2020-04-08T17:32:20.000Z,2020-04-08T17:48:56.000Z,9304165,6818734
2020-04-08T17:42:04.000Z,2020-04-08T17:50:03.000Z,2553438,6818734
2020-04-08T17:43:30.000Z,2020-04-08T18:05:12.000Z,7154924,6818734
2020-04-08T17:50:42.000Z,2020-04-08T18:33:12.000Z,9672623,6818734
2020-04-08T17:57:44.000Z,2020-04-08T18:24:24.000Z,4431718,6818734
2020-04-08T18:07:49.000Z,2020-04-08T19:40:12.000Z,4708481,9661710
2020-04-08T18:12:02.000Z,2020-04-08T20:51:42.000Z,3195398,404943
2020-04-08T18:14:31.000Z,2020-04-08T19:45:01.000Z,2028456,9661710
2020-04-08T18:20:18.000Z,2020-04-08T19:31:04.000Z,7058244,9661710
2020-04-08T18:27:15.000Z,2020-04-08T19:00:46.000Z,4576962,404943
2020-04-08T18:32:41.000Z,2020-04-08T19:25:54.000Z,7587714,9661710
2020-04-08T18:37:12.000Z,2020-04-08T18:39:24.000Z,2509092,404943
2020-04-08T18:43:24.000Z,2020-04-08T19:20:22.000Z,1151666,9661710
2020-04-08T18:56:36.000Z,2020-04-08T21:29:45.000Z,9764856,7372648
2020-04-08T19:01:12.000Z,2020-04-08T19:34:53.000Z,8642821,404943
2020-04-08T19:56:01.000Z,2020-04-08T19:58:09.000Z,3296027,9661710
2020-04-08T20:06:56.000Z,2020-04-08T21:03:50.000Z,2688377,7372648
2020-04-08T20:11:17.000Z,2020-04-08T20:39:31.000Z,725074,404943
2020-04-08T20:11:29.000Z,2020-04-08T20:39:13.000Z,3376108,7372648
2020-04-08T20:22:22.000Z,2020-04-08T21:48:13.000Z,1917125,7372648
2020-04-08T20:37:23.000Z,2020-04-08T21:40:26.000Z,5051191,2972757
2020-04-08T20:47:34.000Z,2020-04-08T21:39:37.000Z,1400768,2404156
2020-04-08T20:49:36.000Z,2020-04-08T20:52:42.000Z,9142822,2972757
2020-04-08T20:54:14.000Z,2020-04-08T20:56:38.000Z,1889664,404943
2020-04-08T21:05:54.000Z,2020-04-08T21:49:07.000Z,2706123,7479583
2020-04-08T21:09:58.000Z,2020-04-08T21:26:14.000Z,6486586,2404156
2020-04-08T21:21:35.000Z,2020-04-08T21:25:57.000Z,2906448,7372648
2020-04-08T21:27:32.000Z,2020-04-08T22:10:28.000Z,9544469,2404156
2020-04-08T21:27:46.000Z,2020-04-08T22:02:23.000Z,9520766,2972757
2020-04-08T21:30:37.000Z,2020-04-08T22:46:47.000Z,3089512,7479583
2020-04-08T21:31:16.000Z,2020-04-08T22:26:23.000Z,8172377,8996052
2020-04-08T21:34:32.000Z,2020-04-08T21:36:56.000Z,7583058,2972757
2020-04-08T21:39:43.000Z,2020-04-08T21:53:09.000Z,8618281,8996052
2020-04-08T21:41:52.000Z,2020-04-08T22:10:01.000Z,7879290,2404156
2020-04-08T21:48:08.000Z,2020-04-08T22:54:39.000Z,4396311,8996052
2020-04-08T21:50:25.000Z,2020-04-08T21:56:30.000Z,77198,2972757
2020-04-08T21:51:06.000Z,2020-04-08T22:57:56.000Z,5290466,8996052
2020-04-08T21:51:36.000Z,2020-04-08T21:57:14.000Z,443243,7372648
2020-04-08T21:54:21.000Z,2020-04-08T22:00:39.000Z,9294145,2972757
2020-04-08T21:59:17.000Z,2020-04-08T22:11:53.000Z,8671272,7479583
2020-04-08T22:17:21.000Z,2020-04-08T22:18:29.000Z,8836460,2404156
2020-04-08T22:19:15.000Z,2020-04-08T22:46:39.000Z,9490924,7479583
2020-04-08T22:25:01.000Z,2020-04-08T22:28:17.000Z,1290421,2404156
2020-04-08T22:30:15.000Z,2020-04-08T22:47:50.000Z,9766226,2404156
2020-04-08T22:36:31.000Z,2020-04-08T23:10:07.000Z,5812739,2404156
2020-04-08T22:38:13.000Z,2020-04-08T22:39:09.000Z,8558997,7479583
2020-04-08T22:39:48.000Z,2020-04-08T22:42:56.000Z,4708586,7479583
2020-04-08T22:43:06.000Z,2020-04-08T23:13:29.000Z,1963853,8996052
2020-04-08T23:13:21.000Z,2020-04-08T23:16:24.000Z,3401583,8996052
2020-04-08T23:41:25.000Z,2020-04-08T23:48:58.000Z,3983083,2404156
2020-04-08T23:43:16.000Z,2020-04-08T23:58:46.000Z,7995551,2404156
2020-04-08T23:51:53.000Z,2020-04-08T23:59:11.000Z,4040092,2404156
2020-04-09T00:00:27.000Z,2020-04-09T00:06:02.000Z,5273690,2404156
2020-04-09T18:37:27.000Z,2020-04-09T19:20:06.000Z,3572807,2972757
2020-04-09T19:04:46.000Z,2020-04-09T19:56:03.000Z,4615459,1699683
2020-04-09T19:13:49.000Z,2020-04-09T19:21:32.000Z,325689,2972757
2020-04-09T19:17:10.000Z,2020-04-09T19:36:46.000Z,8021054,2972757
2020-04-09T19:27:52.000Z,2020-04-09T19:32:25.000Z,8899866,2972757
2020-04-09T19:34:02.000Z,2020-04-09T19:39:58.000Z,6360939,2972757
2020-04-09T19:35:45.000Z,2020-04-09T22:00:57.000Z,7896373,391715
2020-04-09T19:47:50.000Z,2020-04-09T19:48:28.000Z,3881472,2972757
2020-04-09T19:57:44.000Z,2020-04-09T20:48:12.000Z,3518323,1699683
2020-04-09T20:01:49.000Z,2020-04-09T21:20:20.000Z,8618720,391715
2020-04-09T20:03:49.000Z,2020-04-09T20:58:15.000Z,5046166,94210
2020-04-09T20:19:16.000Z,2020-04-09T20:25:54.000Z,1491819,1699683
2020-04-09T20:25:02.000Z,2020-04-09T20:29:45.000Z,9869300,6102098
2020-04-09T20:29:45.000Z,2020-04-09T21:00:22.000Z,7524583,1699683
2020-04-09T20:41:16.000Z,2020-04-09T20:42:19.000Z,2962191,6102098
2020-04-09T20:47:50.000Z,2020-04-09T20:48:37.000Z,8805880,1699683
2020-04-09T20:49:46.000Z,2020-04-09T20:55:06.000Z,7218486,6102098
2020-04-09T20:50:06.000Z,2020-04-09T21:14:20.000Z,8339083,94210
2020-04-09T20:50:18.000Z,2020-04-09T21:03:22.000Z,452519,1699683
2020-04-09T20:55:01.000Z,2020-04-09T21:07:51.000Z,9147912,94210
2020-04-09T21:01:14.000Z,2020-04-09T21:01:23.000Z,5363522,6102098
2020-04-09T21:01:34.000Z,2020-04-09T21:32:37.000Z,3297657,94210
2020-04-09T21:03:31.000Z,2020-04-09T21:04:37.000Z,2547795,6102098
2020-04-09T21:08:04.000Z,2020-04-09T21:36:39.000Z,1918272,391715
2020-04-09T21:13:34.000Z,2020-04-09T21:14:43.000Z,2816459,6102098
2020-04-09T21:20:03.000Z,2020-04-09T21:56:25.000Z,8321475,391715
2020-04-09T21:20:35.000Z,2020-04-09T21:29:21.000Z,1224423,94210
2020-04-09T21:25:28.000Z,2020-04-09T22:04:17.000Z,6682892,391715
2020-04-09T21:33:18.000Z,2020-04-09T21:33:55.000Z,3856951,94210
2020-04-09T21:39:40.000Z,2020-04-09T21:42:09.000Z,7156820,1013591
2020-04-09T21:42:09.000Z,2020-04-09T22:31:21.000Z,2159214,1013591
2020-04-09T21:43:17.000Z,2020-04-09T22:27:32.000Z,5894348,391715
2020-04-09T21:48:42.000Z,2020-04-09T22:47:37.000Z,3277739,1013591
2020-04-09T21:52:32.000Z,2020-04-09T23:40:57.000Z,4020574,9134724
2020-04-09T22:12:42.000Z,2020-04-09T23:54:54.000Z,5711832,9134724
2020-04-09T22:16:48.000Z,2020-04-10T00:29:01.000Z,2733511,9134724
2020-04-09T22:27:55.000Z,2020-04-09T22:40:24.000Z,1287421,1013591
2020-04-09T22:43:31.000Z,2020-04-09T22:57:28.000Z,9833273,1013591
2020-04-09T22:54:38.000Z,2020-04-09T22:59:57.000Z,4321334,1013591
2020-04-09T22:55:09.000Z,2020-04-09T23:38:39.000Z,4452431,9134724
2020-04-10T00:06:38.000Z,2020-04-10T00:39:37.000Z,6598211,9134724
2020-04-10T00:25:12.000Z,2020-04-10T00:40:20.000Z,8948276,9134724
2020-04-10T17:14:16.000Z,2020-04-10T17:17:24.000Z,5703456,5301814
2020-04-10T17:30:25.000Z,2020-04-10T18:01:46.000Z,7621465,5301814
2020-04-10T17:35:51.000Z,2020-04-10T20:36:50.000Z,5668433,1753990
2020-04-10T17:52:22.000Z,2020-04-10T18:56:56.000Z,4938583,5301814
2020-04-10T18:13:11.000Z,2020-04-10T18:46:50.000Z,8274907,5301814
2020-04-10T18:13:12.000Z,2020-04-10T20:06:02.000Z,5402753,1753990
2020-04-10T18:20:02.000Z,2020-04-10T19:27:46.000Z,8173595,1753990
2020-04-10T18:24:45.000Z,2020-04-10T20:09:41.000Z,3452405,7067771
2020-04-10T18:49:40.000Z,2020-04-10T20:17:47.000Z,7091662,7067771
2020-04-10T18:56:25.000Z,2020-04-10T18:58:32.000Z,6530625,5301814
2020-04-10T19:00:12.000Z,2020-04-10T19:29:22.000Z,5105623,7067771
2020-04-10T19:00:54.000Z,2020-04-10T20:15:01.000Z,9009385,7195993
2020-04-10T19:15:56.000Z,2020-04-10T19:20:06.000Z,6030535,7067771
2020-04-10T19:24:37.000Z,2020-04-10T19:28:52.000Z,1105920,5301814
2020-04-10T19:31:56.000Z,2020-04-10T20:39:21.000Z,8605379,1753990
2020-04-10T19:33:25.000Z,2020-04-10T20:33:30.000Z,8519425,7195993
2020-04-10T19:34:19.000Z,2020-04-10T20:19:35.000Z,7597283,6818734
2020-04-10T19:39:52.000Z,2020-04-10T20:16:02.000Z,8122938,1753990
2020-04-10T19:42:01.000Z,2020-04-10T20:11:59.000Z,4256606,7067771
2020-04-10T19:50:27.000Z,2020-04-10T19:54:23.000Z,9906156,1753990
2020-04-10T19:51:48.000Z,2020-04-10T20:30:27.000Z,2507003,7067771
2020-04-10T20:00:03.000Z,2020-04-10T20:21:57.000Z,7180741,7195993
2020-04-10T20:04:05.000Z,2020-04-10T21:54:40.000Z,1174770,6818734
2020-04-10T20:08:02.000Z,2020-04-10T21:57:56.000Z,1001386,6818734
2020-04-10T20:16:29.000Z,2020-04-10T20:20:41.000Z,3906856,7195993
2020-04-10T20:39:49.000Z,2020-04-10T20:44:36.000Z,1894020,7195993
2020-04-10T20:43:36.000Z,2020-04-10T21:48:14.000Z,8054571,5313296
2020-04-10T20:46:03.000Z,2020-04-10T20:46:38.000Z,5866189,7195993
2020-04-10T21:04:01.000Z,2020-04-10T22:20:46.000Z,3458779,6818734
2020-04-10T21:09:14.000Z,2020-04-10T21:36:49.000Z,8826914,5611989
2020-04-10T21:09:52.000Z,2020-04-10T21:21:13.000Z,1506639,5611989
2020-04-10T21:28:02.000Z,2020-04-10T21:45:44.000Z,3239654,5611989
2020-04-10T21:37:49.000Z,2020-04-10T22:20:08.000Z,8751397,6818734
2020-04-10T21:38:01.000Z,2020-04-10T22:18:18.000Z,9545308,7088454
2020-04-10T21:41:27.000Z,2020-04-10T22:20:57.000Z,676905,7088454
2020-04-10T21:41:33.000Z,2020-04-10T21:58:42.000Z,6510341,5611989
2020-04-10T21:46:23.000Z,2020-04-10T22:16:41.000Z,66802,4085462
2020-04-10T21:51:03.000Z,2020-04-10T22:13:35.000Z,90216,6102098
2020-04-10T21:52:18.000Z,2020-04-10T22:37:13.000Z,2524874,6669765
2020-04-10T21:53:59.000Z,2020-04-10T22:00:49.000Z,5626871,5611989
2020-04-10T21:54:06.000Z,2020-04-10T21:58:47.000Z,5656403,5611989
2020-04-10T21:56:23.000Z,2020-04-10T22:35:32.000Z,46894,7088454
2020-04-10T22:00:37.000Z,2020-04-10T22:25:53.000Z,4671163,6818734
2020-04-10T22:08:47.000Z,2020-04-10T22:50:01.000Z,8078282,6102098
2020-04-10T22:09:13.000Z,2020-04-10T22:57:08.000Z,1644158,6102098
2020-04-10T22:14:51.000Z,2020-04-10T22:21:42.000Z,4327168,7088454
2020-04-10T22:15:42.000Z,2020-04-10T23:38:30.000Z,2430747,5313296
2020-04-10T22:23:31.000Z,2020-04-10T23:22:35.000Z,2197444,6102098
2020-04-10T22:26:38.000Z,2020-04-10T22:50:28.000Z,9907334,4085462
2020-04-10T22:26:59.000Z,2020-04-10T22:36:10.000Z,1175913,6669765
2020-04-10T22:32:34.000Z,2020-04-10T22:36:42.000Z,650831,7088454
2020-04-10T22:35:49.000Z,2020-04-10T22:37:12.000Z,4707235,7088454
2020-04-10T22:36:40.000Z,2020-04-10T22:38:59.000Z,96284,6102098
2020-04-10T22:47:48.000Z,2020-04-10T22:57:39.000Z,3983636,5313296
2020-04-10T22:50:08.000Z,2020-04-10T23:11:52.000Z,1819291,6669765
2020-04-10T22:52:09.000Z,2020-04-10T22:56:19.000Z,9028511,6669765
2020-04-10T22:52:13.000Z,2020-04-10T23:33:44.000Z,6638116,5313296
2020-04-10T23:10:07.000Z,2020-04-10T23:19:58.000Z,6656763,5313296
2020-04-10T23:17:54.000Z,2020-04-11T01:03:28.000Z,664538,4085462
2020-04-10T23:20:25.000Z,2020-04-10T23:23:04.000Z,521693,6102098
2020-04-10T23:22:13.000Z,2020-04-11T00:12:51.000Z,9440934,4085462
2020-04-10T23:22:28.000Z,2020-04-10T23:23:06.000Z,9243442,6669765
2020-04-10T23:23:23.000Z,2020-04-10T23:24:37.000Z,435367,6669765
2020-04-10T23:28:20.000Z,2020-04-10T23:35:20.000Z,4142829,5313296
2020-04-11T00:10:53.000Z,2020-04-11T01:04:02.000Z,3013666,4085462
2020-04-11T00:51:22.000Z,2020-04-11T00:56:51.000Z,3468592,4085462
2020-04-13T17:39:43.000Z,2020-04-13T19:41:22.000Z,2702029,1720174
2020-04-13T17:41:37.000Z,2020-04-13T18:19:33.000Z,5563069,1720174
2020-04-13T17:44:46.000Z,2020-04-13T19:01:10.000Z,6540174,1720174
2020-04-13T18:04:34.000Z,2020-04-13T19:43:21.000Z,1503374,1720174
2020-04-13T18:35:45.000Z,2020-04-13T19:29:20.000Z,843539,1720174
2020-04-13T19:29:51.000Z,2020-04-13T19:33:14.000Z,9081506,1720174
2020-04-13T20:34:32.000Z,2020-04-13T21:26:48.000Z,9044329,2303104
2020-04-13T20:50:39.000Z,2020-04-13T22:05:40.000Z,6763373,2303104
2020-04-13T20:52:25.000Z,2020-04-13T21:42:21.000Z,6031250,2303104
2020-04-13T21:07:27.000Z,2020-04-13T21:47:49.000Z,7608116,2303104
2020-04-13T21:30:59.000Z,2020-04-13T21:38:08.000Z,7562566,2303104
2020-04-13T21:51:41.000Z,2020-04-13T22:08:51.000Z,2852327,2303104
2020-04-13T22:04:27.000Z,2020-04-13T22:09:28.000Z,1556314,2255077
2020-04-13T22:17:32.000Z,2020-04-13T22:37:28.000Z,2200727,2255077
2020-04-13T22:56:01.000Z,2020-04-13T23:12:04.000Z,2224494,2255077
2020-04-13T23:03:10.000Z,2020-04-13T23:21:04.000Z,7179740,2255077
2020-04-14T17:24:49.000Z,2020-04-14T17:27:02.000Z,2611883,5313296
2020-04-14T17:26:53.000Z,2020-04-14T17:56:46.000Z,5156791,5313296
2020-04-14T17:31:03.000Z,2020-04-14T17:45:47.000Z,2707682,5313296
2020-04-14T17:36:33.000Z,2020-04-14T18:08:54.000Z,3908871,5313296
2020-04-14T17:39:24.000Z,2020-04-14T18:31:47.000Z,9572827,5313296
2020-04-14T18:41:53.000Z,2020-04-14T18:45:35.000Z,1109535,5313296
2020-04-14T18:44:17.000Z,2020-04-14T18:46:20.000Z,1619671,2833794
2020-04-14T19:02:24.000Z,2020-04-14T19:11:01.000Z,2626805,2833794
2020-04-14T19:03:55.000Z,2020-04-14T19:38:24.000Z,4466702,1699683
2020-04-14T19:09:05.000Z,2020-04-14T20:25:37.000Z,5332342,1699683
2020-04-14T19:10:27.000Z,2020-04-14T19:39:54.000Z,2790860,492448
2020-04-14T19:11:33.000Z,2020-04-14T19:14:40.000Z,378628,2833794
2020-04-14T19:27:22.000Z,2020-04-14T20:36:25.000Z,9748276,492448
2020-04-14T19:27:46.000Z,2020-04-14T19:35:50.000Z,2178112,2833794
2020-04-14T19:27:48.000Z,2020-04-14T21:37:00.000Z,177038,5611989
2020-04-14T19:32:54.000Z,2020-04-14T19:33:29.000Z,8455480,2833794
2020-04-14T19:36:10.000Z,2020-04-14T19:36:19.000Z,1978593,2833794
2020-04-14T19:48:11.000Z,2020-04-14T22:05:44.000Z,8394536,9113654
2020-04-14T19:51:38.000Z,2020-04-14T19:53:06.000Z,4565655,9113654
2020-04-14T19:52:51.000Z,2020-04-14T20:04:51.000Z,9238407,1699683
2020-04-14T19:53:00.000Z,2020-04-14T20:35:49.000Z,2803760,1699683
2020-04-14T19:59:17.000Z,2020-04-14T20:44:31.000Z,4940519,9113654
2020-04-14T20:08:13.000Z,2020-04-14T20:38:07.000Z,8023623,1699683
2020-04-14T20:10:04.000Z,2020-04-14T20:14:43.000Z,809329,5611989
2020-04-14T20:25:31.000Z,2020-04-14T21:46:46.000Z,1634637,492448
2020-04-14T20:28:08.000Z,2020-04-14T22:09:33.000Z,8593834,9113654
2020-04-14T20:36:31.000Z,2020-04-14T20:40:37.000Z,2270586,1699683
2020-04-14T20:59:28.000Z,2020-04-14T21:09:16.000Z,5717340,2303104
2020-04-14T21:02:18.000Z,2020-04-14T23:33:46.000Z,7034148,2303104
2020-04-14T21:03:22.000Z,2020-04-14T21:50:57.000Z,9922606,975929
2020-04-14T21:11:19.000Z,2020-04-14T21:50:09.000Z,2353267,975929
2020-04-14T21:16:12.000Z,2020-04-14T21:18:49.000Z,2005800,975929
2020-04-14T21:17:23.000Z,2020-04-14T21:42:46.000Z,5260969,492448
2020-04-14T21:21:07.000Z,2020-04-14T21:51:11.000Z,777463,5611989
2020-04-14T21:23:27.000Z,2020-04-14T21:55:49.000Z,9403127,492448
2020-04-14T21:33:49.000Z,2020-04-14T22:12:06.000Z,1403856,978963
2020-04-14T21:34:52.000Z,2020-04-14T21:44:31.000Z,5282222,975929
2020-04-14T21:36:31.000Z,2020-04-14T22:11:06.000Z,9507603,975929
2020-04-14T21:43:33.000Z,2020-04-14T22:09:53.000Z,4385891,978963
2020-04-14T21:45:02.000Z,2020-04-14T22:14:19.000Z,7308087,5611989
2020-04-14T21:48:21.000Z,2020-04-14T22:03:24.000Z,4503422,2972757
2020-04-14T21:50:34.000Z,2020-04-14T21:57:45.000Z,3184106,2972757
2020-04-14T21:54:41.000Z,2020-04-14T22:17:57.000Z,6988311,978963
2020-04-14T21:58:03.000Z,2020-04-14T22:14:09.000Z,7599812,5611989
2020-04-14T22:08:09.000Z,2020-04-14T22:12:02.000Z,5348184,492448
2020-04-14T22:11:05.000Z,2020-04-14T22:12:33.000Z,6902906,975929
2020-04-14T22:14:34.000Z,2020-04-14T22:17:43.000Z,6162799,5611989
2020-04-14T22:20:31.000Z,2020-04-14T22:25:24.000Z,6518297,978963
2020-04-14T22:20:56.000Z,2020-04-14T23:08:55.000Z,5475327,2972757
2020-04-14T22:24:15.000Z,2020-04-14T22:25:59.000Z,6854822,978963
2020-04-14T22:32:03.000Z,2020-04-14T22:32:47.000Z,1897038,978963
2020-04-14T22:34:26.000Z,2020-04-15T00:17:05.000Z,6065735,2303104
2020-04-14T22:39:06.000Z,2020-04-14T22:52:20.000Z,7300452,9113654
2020-04-14T22:46:46.000Z,2020-04-14T23:01:20.000Z,4630284,9113654
2020-04-14T22:50:12.000Z,2020-04-14T23:38:26.000Z,1524511,2972757
2020-04-14T22:55:16.000Z,2020-04-14T23:05:20.000Z,2141892,2303104
2020-04-14T22:56:30.000Z,2020-04-14T23:12:24.000Z,2636341,2972757
2020-04-14T22:58:47.000Z,2020-04-14T23:07:59.000Z,3721899,2972757
2020-04-14T23:21:28.000Z,2020-04-14T23:46:43.000Z,7173864,2303104
2020-04-15T00:00:53.000Z,2020-04-15T00:02:37.000Z,6266237,2303104
2020-04-15T17:07:05.000Z,2020-04-15T17:52:35.000Z,8349799,2849732
2020-04-15T17:24:14.000Z,2020-04-15T19:49:05.000Z,298300,791487
2020-04-15T17:37:55.000Z,2020-04-15T18:14:51.000Z,7339836,2849732
2020-04-15T17:42:58.000Z,2020-04-15T20:28:46.000Z,4731425,791487
2020-04-15T17:58:08.000Z,2020-04-15T18:05:12.000Z,3373933,2849732
2020-04-15T18:01:42.000Z,2020-04-15T18:17:04.000Z,5911243,2849732
2020-04-15T18:01:51.000Z,2020-04-15T18:16:47.000Z,7305176,2849732
2020-04-15T18:16:46.000Z,2020-04-15T18:19:46.000Z,7144618,2849732
2020-04-15T18:18:08.000Z,2020-04-15T20:28:17.000Z,5955146,94210
2020-04-15T18:39:34.000Z,2020-04-15T20:17:43.000Z,7737864,94210
2020-04-15T18:41:21.000Z,2020-04-15T21:38:52.000Z,2506774,7454223
2020-04-15T18:59:19.000Z,2020-04-15T19:27:39.000Z,3374430,791487
2020-04-15T18:59:50.000Z,2020-04-15T20:24:25.000Z,9717855,791487
2020-04-15T19:23:25.000Z,2020-04-15T20:24:52.000Z,92436,8636887
2020-04-15T19:40:45.000Z,2020-04-15T20:22:17.000Z,329259,8636887
2020-04-15T19:50:06.000Z,2020-04-15T19:59:15.000Z,7694511,94210
2020-04-15T19:50:28.000Z,2020-04-15T20:15:31.000Z,323905,94210
2020-04-15T19:54:56.000Z,2020-04-15T20:05:31.000Z,2829888,8636887
2020-04-15T19:55:13.000Z,2020-04-15T20:01:49.000Z,9684933,8636887
2020-04-15T19:55:47.000Z,2020-04-15T20:11:38.000Z,5464780,8636887
2020-04-15T20:02:35.000Z,2020-04-15T21:20:12.000Z,9947854,7454223
2020-04-15T20:04:05.000Z,2020-04-15T20:27:24.000Z,2711769,791487
2020-04-15T20:09:05.000Z,2020-04-15T20:49:41.000Z,7959561,94210
2020-04-15T20:10:08.000Z,2020-04-15T20:34:46.000Z,3782072,94210
2020-04-15T20:16:48.000Z,2020-04-15T20:54:51.000Z,6624674,7454223
2020-04-15T20:24:12.000Z,2020-04-15T21:54:48.000Z,5164598,2382928
2020-04-15T20:30:35.000Z,2020-04-15T20:36:53.000Z,6542474,2382928
2020-04-15T20:34:33.000Z,2020-04-15T20:38:42.000Z,4710391,8636887
2020-04-15T20:42:03.000Z,2020-04-15T22:06:07.000Z,4549277,3192544
2020-04-15T20:42:06.000Z,2020-04-15T20:43:44.000Z,7423852,791487
2020-04-15T20:52:51.000Z,2020-04-15T21:46:18.000Z,1249442,2382928
2020-04-15T20:59:57.000Z,2020-04-15T22:02:36.000Z,1129032,7454223
2020-04-15T21:03:02.000Z,2020-04-15T21:52:14.000Z,5360952,7454223
2020-04-15T21:09:42.000Z,2020-04-15T21:18:34.000Z,5590977,3989471
2020-04-15T21:20:05.000Z,2020-04-15T22:11:02.000Z,3422539,2382928
2020-04-15T21:20:34.000Z,2020-04-15T21:57:55.000Z,2289571,3192544
2020-04-15T21:22:05.000Z,2020-04-15T22:04:42.000Z,6384614,2382928
2020-04-15T21:45:30.000Z,2020-04-15T22:00:46.000Z,4849268,7479583
2020-04-15T21:50:18.000Z,2020-04-15T23:07:11.000Z,1637028,7479583
2020-04-15T21:58:55.000Z,2020-04-15T22:00:35.000Z,7211744,7454223
2020-04-15T22:02:43.000Z,2020-04-15T23:13:25.000Z,9924308,7479583
2020-04-15T22:08:19.000Z,2020-04-15T22:20:28.000Z,4639072,7479583
2020-04-15T22:09:58.000Z,2020-04-15T22:12:46.000Z,3732770,2382928
2020-04-15T22:12:58.000Z,2020-04-16T01:08:38.000Z,4487278,975929
2020-04-15T22:31:12.000Z,2020-04-15T23:21:10.000Z,1095185,7479583
2020-04-15T22:39:56.000Z,2020-04-15T23:51:00.000Z,5515900,3989471
2020-04-15T22:45:26.000Z,2020-04-15T23:21:10.000Z,4740607,3192544
2020-04-15T22:51:37.000Z,2020-04-16T01:04:24.000Z,4629264,975929
2020-04-15T22:56:27.000Z,2020-04-15T23:14:39.000Z,5124000,3989471
2020-04-15T23:00:48.000Z,2020-04-15T23:20:10.000Z,5179743,3192544
2020-04-15T23:01:17.000Z,2020-04-15T23:13:59.000Z,35635,3192544
2020-04-15T23:06:35.000Z,2020-04-15T23:23:47.000Z,1047142,3989471
2020-04-15T23:21:24.000Z,2020-04-15T23:26:05.000Z,8236940,3989471
2020-04-15T23:36:53.000Z,2020-04-15T23:37:17.000Z,5521847,3192544
2020-04-15T23:47:12.000Z,2020-04-15T23:48:48.000Z,1905743,7479583
2020-04-15T23:47:44.000Z,2020-04-16T00:42:53.000Z,2708086,975929
2020-04-15T23:48:07.000Z,2020-04-15T23:49:18.000Z,9456824,3989471
2020-04-16T00:00:21.000Z,2020-04-16T00:57:18.000Z,7820195,975929
2020-04-16T00:40:49.000Z,2020-04-16T01:06:54.000Z,1870505,975929
2020-04-16T01:00:34.000Z,2020-04-16T01:09:01.000Z,9118243,975929
2020-04-16T17:08:13.000Z,2020-04-16T17:38:38.000Z,2787890,3989471
2020-04-16T17:22:29.000Z,2020-04-16T17:49:09.000Z,4706381,3989471
2020-04-16T17:24:21.000Z,2020-04-16T18:54:08.000Z,665030,3989471
2020-04-16T18:12:07.000Z,2020-04-16T19:26:06.000Z,1093523,3989471
2020-04-16T18:12:52.000Z,2020-04-16T19:17:13.000Z,1192729,5313296
2020-04-16T18:20:39.000Z,2020-04-16T21:19:21.000Z,5531459,5611989
2020-04-16T18:32:43.000Z,2020-04-16T19:09:24.000Z,7695499,5313296
2020-04-16T18:40:18.000Z,2020-04-16T19:31:49.000Z,4380870,5313296
2020-04-16T18:56:17.000Z,2020-04-16T19:33:47.000Z,8913193,3989471
2020-04-16T18:56:32.000Z,2020-04-16T20:37:19.000Z,9355044,5611989
2020-04-16T18:56:40.000Z,2020-04-16T19:18:05.000Z,2872572,5313296
2020-04-16T19:00:14.000Z,2020-04-16T19:23:12.000Z,769107,5313296
2020-04-16T19:01:25.000Z,2020-04-16T19:06:59.000Z,125778,5313296
2020-04-16T19:10:27.000Z,2020-04-16T21:21:14.000Z,9052616,5611989
2020-04-16T19:22:58.000Z,2020-04-16T19:58:30.000Z,8930771,5611989
2020-04-16T19:27:18.000Z,2020-04-16T19:31:46.000Z,6943281,5009252
2020-04-16T19:36:25.000Z,2020-04-16T19:59:11.000Z,9254972,5009252
2020-04-16T19:37:23.000Z,2020-04-16T21:41:57.000Z,5459813,8996052
2020-04-16T19:37:59.000Z,2020-04-16T19:44:11.000Z,1724125,5009252
2020-04-16T19:38:00.000Z,2020-04-16T19:39:20.000Z,9089263,5009252
2020-04-16T19:40:12.000Z,2020-04-16T19:40:14.000Z,4979976,5009252
2020-04-16T19:56:37.000Z,2020-04-16T21:03:25.000Z,664061,8996052
2020-04-16T19:58:26.000Z,2020-04-16T19:59:53.000Z,9505513,5009252
2020-04-16T19:59:19.000Z,2020-04-16T20:13:40.000Z,9606960,3989471
2020-04-16T20:10:25.000Z,2020-04-16T20:31:23.000Z,2685510,5611989
2020-04-16T20:20:40.000Z,2020-04-16T21:26:48.000Z,1614742,1445662
2020-04-16T20:26:06.000Z,2020-04-16T21:56:47.000Z,1337585,8996052
2020-04-16T20:26:39.000Z,2020-04-16T21:10:14.000Z,7549717,1445662
2020-04-16T20:34:19.000Z,2020-04-16T21:31:27.000Z,6322813,1445662
2020-04-16T20:38:14.000Z,2020-04-16T21:33:18.000Z,4778905,1445662
2020-04-16T20:38:22.000Z,2020-04-16T21:17:18.000Z,1906333,8996052
2020-04-16T20:38:26.000Z,2020-04-16T21:37:29.000Z,3483061,1445662
2020-04-16T20:39:52.000Z,2020-04-16T21:27:56.000Z,5445627,5611989
2020-04-16T21:03:11.000Z,2020-04-16T21:30:43.000Z,6022345,8146546
2020-04-16T21:21:21.000Z,2020-04-16T21:28:19.000Z,5185367,8146546
2020-04-16T21:24:18.000Z,2020-04-16T21:33:22.000Z,8790460,1445662
2020-04-16T21:30:49.000Z,2020-04-16T21:45:25.000Z,4006898,8996052
2020-04-16T21:37:21.000Z,2020-04-16T22:22:59.000Z,7348561,2833794
2020-04-16T21:44:34.000Z,2020-04-16T22:32:04.000Z,7314293,2833794
2020-04-16T21:53:56.000Z,2020-04-16T22:13:17.000Z,2913346,8996052
2020-04-16T21:58:09.000Z,2020-04-16T22:32:14.000Z,6279125,8146546
2020-04-16T22:02:18.000Z,2020-04-16T22:24:05.000Z,8325628,2833794
2020-04-16T22:03:53.000Z,2020-04-16T22:14:15.000Z,3915241,2432366
2020-04-16T22:07:01.000Z,2020-04-16T22:26:36.000Z,9206656,2833794
2020-04-16T22:07:07.000Z,2020-04-16T22:37:42.000Z,3909146,2432366
2020-04-16T22:08:23.000Z,2020-04-16T22:37:42.000Z,9116725,2432366
2020-04-16T22:13:04.000Z,2020-04-16T22:27:26.000Z,6701720,8146546
2020-04-16T22:14:09.000Z,2020-04-16T22:23:01.000Z,7699300,8146546
2020-04-16T22:33:03.000Z,2020-04-16T22:38:44.000Z,9451744,8146546
2020-04-16T22:35:52.000Z,2020-04-16T22:36:05.000Z,4799010,2833794
2020-04-16T22:41:52.000Z,2020-04-16T22:43:43.000Z,3819554,2432366
2020-04-16T22:43:25.000Z,2020-04-16T22:45:11.000Z,1218440,2833794
2020-04-16T22:53:20.000Z,2020-04-16T23:00:14.000Z,1551941,2432366
2020-04-16T23:00:18.000Z,2020-04-16T23:02:23.000Z,907788,2432366
2020-04-17T17:50:29.000Z,2020-04-17T18:07:57.000Z,8058025,9113654
2020-04-17T18:02:43.000Z,2020-04-17T18:42:40.000Z,6438141,9113654
2020-04-17T18:04:15.000Z,2020-04-17T18:42:06.000Z,2878143,9113654
2020-04-17T18:37:10.000Z,2020-04-17T18:50:18.000Z,4508909,9113654
2020-04-17T18:38:34.000Z,2020-04-17T18:44:12.000Z,6340095,9113654
2020-04-17T18:47:54.000Z,2020-04-17T19:18:57.000Z,9297595,391715
2020-04-17T18:49:53.000Z,2020-04-17T18:50:04.000Z,7426033,9113654
2020-04-17T18:51:21.000Z,2020-04-17T20:21:06.000Z,2866356,391715
2020-04-17T19:13:47.000Z,2020-04-17T19:46:14.000Z,9380881,391715
2020-04-17T19:30:35.000Z,2020-04-17T21:20:18.000Z,3356107,2896512
2020-04-17T19:34:53.000Z,2020-04-17T20:24:00.000Z,2649730,391715
2020-04-17T19:41:46.000Z,2020-04-17T20:11:05.000Z,7473986,2896512
2020-04-17T19:42:54.000Z,2020-04-17T20:37:13.000Z,525477,391715
2020-04-17T19:59:28.000Z,2020-04-17T21:50:34.000Z,1593081,2896512
2020-04-17T20:34:47.000Z,2020-04-17T21:26:08.000Z,2501444,9134724
2020-04-17T20:38:34.000Z,2020-04-17T20:47:34.000Z,6037520,391715
2020-04-17T20:42:24.000Z,2020-04-17T20:48:22.000Z,4111136,9134724
2020-04-17T20:51:01.000Z,2020-04-17T22:37:13.000Z,1161820,6510251
2020-04-17T20:54:37.000Z,2020-04-17T22:13:41.000Z,5827218,6510251
2020-04-17T20:59:12.000Z,2020-04-17T21:10:19.000Z,7082268,9134724
2020-04-17T21:19:57.000Z,2020-04-17T21:26:04.000Z,7156847,9134724
2020-04-17T21:24:34.000Z,2020-04-17T21:28:42.000Z,7107634,9134724
2020-04-17T21:29:02.000Z,2020-04-17T22:00:26.000Z,6946922,2896512
2020-04-17T21:33:08.000Z,2020-04-17T21:33:52.000Z,5237621,9134724
2020-04-17T21:40:24.000Z,2020-04-17T22:32:19.000Z,8095483,5789122
2020-04-17T21:41:07.000Z,2020-04-17T21:54:06.000Z,4081649,6510251
2020-04-17T21:53:18.000Z,2020-04-17T21:53:42.000Z,8679969,2896512
2020-04-17T21:56:23.000Z,2020-04-17T22:22:25.000Z,2738499,5789122
2020-04-17T21:57:48.000Z,2020-04-17T22:16:14.000Z,3554168,6510251
2020-04-17T22:01:06.000Z,2020-04-17T22:04:12.000Z,5958763,2896512
2020-04-17T22:02:19.000Z,2020-04-17T22:47:43.000Z,6342232,6510251
2020-04-17T22:13:22.000Z,2020-04-17T22:52:37.000Z,96063,5789122
2020-04-17T22:24:30.000Z,2020-04-17T22:28:47.000Z,2664966,6510251
2020-04-17T22:32:45.000Z,2020-04-17T22:43:29.000Z,4380710,5789122
2020-04-17T22:46:25.000Z,2020-04-17T22:48:36.000Z,4029781,5789122
2020-04-17T22:47:36.000Z,2020-04-17T22:47:42.000Z,6515451,5789122
2020-04-20T17:24:47.000Z,2020-04-20T17:39:28.000Z,2254024,9661710
2020-04-20T17:58:03.000Z,2020-04-20T18:35:02.000Z,3345322,9661710
2020-04-20T17:58:13.000Z,2020-04-20T18:38:58.000Z,3121061,9661710
2020-04-20T18:04:35.000Z,2020-04-20T18:21:11.000Z,2548182,9661710
2020-04-20T18:12:16.000Z,2020-04-20T18:33:55.000Z,7883637,9661710
2020-04-20T18:22:55.000Z,2020-04-20T18:38:40.000Z,5164991,9661710
2020-04-20T21:47:32.000Z,2020-04-20T22:03:53.000Z,2907459,9113654
2020-04-20T22:02:33.000Z,2020-04-20T23:08:59.000Z,7502353,9113654
2020-04-20T22:20:13.000Z,2020-04-20T22:53:53.000Z,9788515,9113654
2020-04-20T23:03:47.000Z,2020-04-20T23:12:53.000Z,65079,9113654
2020-04-20T23:06:09.000Z,2020-04-20T23:16:45.000Z,7234213,9113654
2020-04-20T23:11:16.000Z,2020-04-20T23:13:22.000Z,2328992,9113654
2020-04-21T17:42:39.000Z,2020-04-21T18:58:05.000Z,4862974,8383371
2020-04-21T17:49:01.000Z,2020-04-21T17:59:13.000Z,354106,8383371
2020-04-21T17:54:35.000Z,2020-04-21T18:34:12.000Z,7256665,8383371
2020-04-21T18:05:20.000Z,2020-04-21T20:36:55.000Z,7750393,7454223
2020-04-21T18:10:09.000Z,2020-04-21T18:39:00.000Z,8721086,8383371
2020-04-21T18:24:49.000Z,2020-04-21T19:04:24.000Z,2369582,7454223
2020-04-21T18:29:34.000Z,2020-04-21T19:18:45.000Z,9251607,975929
2020-04-21T18:35:44.000Z,2020-04-21T21:23:24.000Z,342954,2583861
2020-04-21T18:40:53.000Z,2020-04-21T19:04:14.000Z,3562135,8383371
2020-04-21T18:42:59.000Z,2020-04-21T20:39:30.000Z,1688222,2583861
2020-04-21T18:51:40.000Z,2020-04-21T19:03:42.000Z,4497620,975929
2020-04-21T18:56:13.000Z,2020-04-21T19:06:14.000Z,3204164,8383371
2020-04-21T18:59:15.000Z,2020-04-21T20:55:27.000Z,8275945,2583861
2020-04-21T19:01:04.000Z,2020-04-21T19:13:52.000Z,5011695,975929
2020-04-21T19:03:12.000Z,2020-04-21T19:53:58.000Z,4101566,7454223
2020-04-21T19:05:27.000Z,2020-04-21T20:14:38.000Z,6851250,975929
2020-04-21T19:19:16.000Z,2020-04-21T19:36:15.000Z,74089,5194264
2020-04-21T19:23:31.000Z,2020-04-21T20:18:01.000Z,1269407,5301814
2020-04-21T19:25:05.000Z,2020-04-21T19:50:20.000Z,3086685,5301814
2020-04-21T19:26:51.000Z,2020-04-21T19:39:43.000Z,1150552,5194264
2020-04-21T19:38:18.000Z,2020-04-21T19:49:29.000Z,6116116,5194264
2020-04-21T19:38:59.000Z,2020-04-21T19:50:23.000Z,1886841,5194264
2020-04-21T19:39:24.000Z,2020-04-21T19:51:56.000Z,2050218,5301814
2020-04-21T19:41:49.000Z,2020-04-21T19:53:35.000Z,766075,5194264
2020-04-21T19:42:26.000Z,2020-04-21T19:45:18.000Z,3067537,5194264
2020-04-21T19:53:09.000Z,2020-04-21T20:53:57.000Z,8606463,2583861
2020-04-21T19:54:41.000Z,2020-04-21T19:57:30.000Z,9520696,2583861
2020-04-21T19:58:46.000Z,2020-04-21T20:04:11.000Z,938131,8626044
2020-04-21T20:01:02.000Z,2020-04-21T20:51:36.000Z,271852,8626044
2020-04-21T20:02:18.000Z,2020-04-21T20:32:27.000Z,3476806,7454223
2020-04-21T20:08:41.000Z,2020-04-21T20:27:41.000Z,7503946,7454223
2020-04-21T20:23:01.000Z,2020-04-21T20:39:05.000Z,1015766,8626044
2020-04-21T20:23:01.000Z,2020-04-21T20:29:40.000Z,5930604,975929
2020-04-21T20:28:47.000Z,2020-04-21T20:56:28.000Z,2736034,7372648
2020-04-21T20:29:26.000Z,2020-04-21T20:40:19.000Z,7349910,8626044
2020-04-21T20:31:12.000Z,2020-04-21T20:43:39.000Z,3384647,5301814
2020-04-21T20:33:52.000Z,2020-04-21T20:49:14.000Z,9633035,5301814
2020-04-21T20:40:21.000Z,2020-04-21T20:40:29.000Z,1886943,7454223
2020-04-21T20:40:35.000Z,2020-04-21T20:40:53.000Z,6151105,975929
2020-04-21T20:51:34.000Z,2020-04-21T21:00:44.000Z,9880320,5301814
2020-04-21T21:00:39.000Z,2020-04-21T21:10:13.000Z,583935,8626044
2020-04-21T21:07:23.000Z,2020-04-21T21:46:10.000Z,6425858,2583861
2020-04-21T21:17:42.000Z,2020-04-21T21:35:45.000Z,7157680,5611989
2020-04-21T21:17:51.000Z,2020-04-22T00:01:44.000Z,6051995,7372648
2020-04-21T21:22:41.000Z,2020-04-21T22:07:53.000Z,2719872,7372648
2020-04-21T21:27:09.000Z,2020-04-21T21:28:09.000Z,6925773,8626044
2020-04-21T22:11:08.000Z,2020-04-21T23:18:50.000Z,8386543,2833794
2020-04-21T22:18:28.000Z,2020-04-21T22:19:30.000Z,4620822,2833794
2020-04-21T22:24:54.000Z,2020-04-22T00:18:04.000Z,6660271,8383371
2020-04-21T22:40:35.000Z,2020-04-21T23:21:02.000Z,5830002,1496356
2020-04-21T22:49:33.000Z,2020-04-21T23:14:42.000Z,5857675,1496356
2020-04-21T22:50:54.000Z,2020-04-21T23:56:33.000Z,7027910,5611989
2020-04-21T22:56:58.000Z,2020-04-21T23:25:10.000Z,5711844,5611989
2020-04-21T23:06:09.000Z,2020-04-21T23:47:30.000Z,9793970,1496356
2020-04-21T23:06:23.000Z,2020-04-22T00:36:40.000Z,4312278,8383371
2020-04-21T23:06:56.000Z,2020-04-22T00:02:50.000Z,1972941,7372648
2020-04-21T23:06:57.000Z,2020-04-21T23:31:55.000Z,6515078,2833794
2020-04-21T23:07:50.000Z,2020-04-22T00:45:52.000Z,8397529,8383371
2020-04-21T23:16:29.000Z,2020-04-21T23:20:03.000Z,2312678,1496356
2020-04-21T23:25:50.000Z,2020-04-21T23:32:54.000Z,3528899,1496356
2020-04-21T23:31:51.000Z,2020-04-21T23:40:10.000Z,6457762,5611989
2020-04-21T23:34:57.000Z,2020-04-21T23:48:47.000Z,6550125,7372648
2020-04-21T23:37:01.000Z,2020-04-21T23:53:48.000Z,4388254,5611989
2020-04-21T23:39:47.000Z,2020-04-21T23:44:01.000Z,6231982,8383371
2020-04-21T23:41:10.000Z,2020-04-21T23:47:03.000Z,9318645,1496356
2020-04-21T23:43:31.000Z,2020-04-21T23:44:22.000Z,6670575,5611989
2020-04-21T23:52:14.000Z,2020-04-21T23:59:02.000Z,7847365,7372648
2020-04-21T23:55:27.000Z,2020-04-22T00:53:10.000Z,4199217,2833794
2020-04-22T00:14:39.000Z,2020-04-22T01:22:05.000Z,3498900,2833794
2020-04-22T00:26:47.000Z,2020-04-22T00:56:30.000Z,677231,2833794
2020-04-22T00:27:08.000Z,2020-04-22T00:45:58.000Z,91749,8383371
2020-04-22T00:45:51.000Z,2020-04-22T00:46:43.000Z,479151,8383371
2020-04-22T17:32:03.000Z,2020-04-22T18:01:18.000Z,9566732,7729948
2020-04-22T17:33:11.000Z,2020-04-22T20:16:49.000Z,6339936,978963
2020-04-22T17:52:46.000Z,2020-04-22T19:36:10.000Z,7334539,978963
2020-04-22T18:08:32.000Z,2020-04-22T18:51:10.000Z,5519551,7088454
2020-04-22T18:15:44.000Z,2020-04-22T19:59:32.000Z,2921228,7088454
2020-04-22T18:26:08.000Z,2020-04-22T20:06:07.000Z,3955937,5334466
2020-04-22T18:35:18.000Z,2020-04-22T19:00:22.000Z,2054543,7088454
2020-04-22T18:38:14.000Z,2020-04-22T20:05:23.000Z,8191024,7729948
2020-04-22T18:39:51.000Z,2020-04-22T21:02:03.000Z,2206931,5334466
2020-04-22T18:59:02.000Z,2020-04-22T19:07:32.000Z,7421922,9134724
2020-04-22T18:59:14.000Z,2020-04-22T19:59:15.000Z,3186180,978963
2020-04-22T18:59:26.000Z,2020-04-22T20:04:48.000Z,5837011,7729948
2020-04-22T18:59:41.000Z,2020-04-22T20:26:57.000Z,3056678,5334466
2020-04-22T19:29:48.000Z,2020-04-22T20:03:50.000Z,1474264,9134724
2020-04-22T19:46:52.000Z,2020-04-22T20:39:06.000Z,4983423,978963
2020-04-22T19:49:23.000Z,2020-04-22T19:59:49.000Z,8644173,9134724
2020-04-22T19:51:02.000Z,2020-04-22T20:32:33.000Z,1638026,7729948
2020-04-22T19:54:04.000Z,2020-04-22T19:58:01.000Z,4415103,9134724
2020-04-22T19:54:17.000Z,2020-04-22T20:04:27.000Z,6984976,9134724
2020-04-22T19:56:44.000Z,2020-04-22T21:01:04.000Z,5165977,5334466
2020-04-22T20:02:20.000Z,2020-04-22T20:54:28.000Z,5459039,7088454
2020-04-22T20:04:10.000Z,2020-04-22T20:51:47.000Z,4484594,5334466
2020-04-22T20:06:41.000Z,2020-04-22T20:10:25.000Z,105624,9134724
2020-04-22T20:07:22.000Z,2020-04-22T20:39:43.000Z,4911430,978963
2020-04-22T20:15:57.000Z,2020-04-22T20:29:46.000Z,7289099,978963
2020-04-22T20:19:22.000Z,2020-04-22T20:33:28.000Z,5239787,7088454
2020-04-22T20:21:22.000Z,2020-04-22T20:44:32.000Z,559737,7729948
2020-04-22T20:24:43.000Z,2020-04-22T21:36:40.000Z,3361842,5098338
2020-04-22T20:26:51.000Z,2020-04-22T20:39:50.000Z,702128,7729948
2020-04-22T20:34:04.000Z,2020-04-22T22:35:18.000Z,8928640,5098338
2020-04-22T20:40:08.000Z,2020-04-22T21:33:08.000Z,7510557,7729948
2020-04-22T20:40:55.000Z,2020-04-22T21:29:01.000Z,3827018,7729948
2020-04-22T20:43:55.000Z,2020-04-22T22:53:22.000Z,415435,5098338
2020-04-22T20:53:12.000Z,2020-04-22T21:28:44.000Z,5316799,7729948
2020-04-22T20:55:52.000Z,2020-04-22T21:05:11.000Z,9997405,7729948
2020-04-22T21:08:44.000Z,2020-04-22T21:11:26.000Z,1295920,7088454
2020-04-22T21:14:13.000Z,2020-04-22T21:32:35.000Z,3447943,5334466
2020-04-22T21:21:38.000Z,2020-04-22T21:55:04.000Z,1727482,7729948
2020-04-22T21:22:30.000Z,2020-04-22T21:44:43.000Z,3943514,5098338
2020-04-22T21:24:20.000Z,2020-04-22T21:47:22.000Z,1753018,2849732
2020-04-22T21:25:38.000Z,2020-04-22T22:52:26.000Z,837946,5098338
2020-04-22T21:33:50.000Z,2020-04-22T22:57:06.000Z,1224051,5098338
2020-04-22T21:53:16.000Z,2020-04-22T21:54:54.000Z,8419509,7729948
2020-04-22T21:55:56.000Z,2020-04-22T22:50:53.000Z,5005190,2432366
2020-04-22T21:57:56.000Z,2020-04-22T23:31:14.000Z,3634950,2432366
2020-04-22T22:27:39.000Z,2020-04-23T00:21:57.000Z,8805042,2849732
2020-04-22T22:35:13.000Z,2020-04-23T00:16:49.000Z,1387241,2849732
2020-04-22T22:44:15.000Z,2020-04-22T23:42:00.000Z,980006,2432366
2020-04-22T22:57:08.000Z,2020-04-23T00:26:15.000Z,8658710,2849732
2020-04-22T23:16:28.000Z,2020-04-22T23:25:12.000Z,1980399,2432366
2020-04-22T23:36:20.000Z,2020-04-23T00:10:57.000Z,7139594,2432366
2020-04-22T23:43:20.000Z,2020-04-22T23:58:56.000Z,9567546,2849732
2020-04-22T23:53:36.000Z,2020-04-23T00:05:50.000Z,1856879,2849732
2020-04-23T00:23:50.000Z,2020-04-23T00:26:43.000Z,5086164,2432366
2020-04-23T17:37:28.000Z,2020-04-23T18:07:46.000Z,9333148,7479583
2020-04-23T18:07:40.000Z,2020-04-23T19:04:52.000Z,6748095,7479583
2020-04-23T18:10:59.000Z,2020-04-23T18:20:00.000Z,68715,7479583
2020-04-23T18:21:45.000Z,2020-04-23T19:22:54.000Z,5586737,7479583
2020-04-23T18:57:02.000Z,2020-04-23T19:09:17.000Z,9663263,7479583
2020-04-23T19:09:16.000Z,2020-04-23T19:16:39.000Z,3547266,4100923
2020-04-23T19:14:01.000Z,2020-04-23T20:20:23.000Z,829942,4100923
2020-04-23T19:23:23.000Z,2020-04-23T19:24:10.000Z,563118,7479583
2020-04-23T19:29:12.000Z,2020-04-23T22:06:24.000Z,6968167,5009252
2020-04-23T19:45:48.000Z,2020-04-23T19:59:26.000Z,3277283,4100923
2020-04-23T19:51:50.000Z,2020-04-23T21:24:04.000Z,2245209,5009252
2020-04-23T19:58:36.000Z,2020-04-23T20:02:18.000Z,794835,4100923
2020-04-23T20:18:58.000Z,2020-04-23T20:25:47.000Z,9049807,4100923
2020-04-23T20:19:33.000Z,2020-04-23T21:26:41.000Z,6267047,5009252
2020-04-23T20:28:59.000Z,2020-04-23T20:29:19.000Z,3224874,4100923
2020-04-23T20:29:42.000Z,2020-04-23T20:38:44.000Z,3156244,3192544
2020-04-23T20:41:18.000Z,2020-04-23T21:59:59.000Z,4595699,5009252
2020-04-23T20:47:50.000Z,2020-04-23T20:55:22.000Z,4531935,7454223
2020-04-23T20:49:43.000Z,2020-04-23T22:43:24.000Z,9864391,7454223
2020-04-23T20:49:59.000Z,2020-04-23T21:08:10.000Z,2601266,3192544
2020-04-23T20:50:34.000Z,2020-04-23T21:28:55.000Z,5921131,3192544
2020-04-23T20:52:32.000Z,2020-04-23T21:24:22.000Z,3221772,7454223
2020-04-23T21:05:40.000Z,2020-04-23T21:17:27.000Z,476370,3192544
2020-04-23T21:10:49.000Z,2020-04-23T22:04:21.000Z,2025531,7454223
2020-04-23T21:25:50.000Z,2020-04-23T21:39:51.000Z,6539542,3192544
2020-04-23T21:27:34.000Z,2020-04-23T21:53:31.000Z,5838377,5009252
2020-04-23T21:34:26.000Z,2020-04-23T23:49:04.000Z,9092556,2255077
2020-04-23T21:38:03.000Z,2020-04-23T21:43:45.000Z,5458500,7454223
2020-04-23T21:39:31.000Z,2020-04-23T21:40:09.000Z,3065459,3192544
2020-04-23T21:46:54.000Z,2020-04-23T23:15:27.000Z,6388151,2255077
2020-04-23T22:03:57.000Z,2020-04-23T22:13:17.000Z,2202224,2255077
2020-04-23T22:10:19.000Z,2020-04-23T23:42:06.000Z,5820345,2255077
2020-04-23T22:19:20.000Z,2020-04-23T22:34:00.000Z,4685053,7454223
2020-04-23T22:24:28.000Z,2020-04-23T22:32:28.000Z,9616303,5009252
2020-04-23T23:44:41.000Z,2020-04-24T00:07:41.000Z,2681318,2255077
2020-04-24T00:04:59.000Z,2020-04-24T00:07:07.000Z,8295842,2255077
2020-04-24T18:12:49.000Z,2020-04-24T20:53:33.000Z,4810746,7195993
2020-04-24T18:42:03.000Z,2020-04-24T19:55:48.000Z,7087798,7195993
2020-04-24T18:43:31.000Z,2020-04-24T19:19:28.000Z,1346287,2972757
2020-04-24T19:00:47.000Z,2020-04-24T19:18:01.000Z,5273312,2972757
2020-04-24T19:13:41.000Z,2020-04-24T22:02:41.000Z,5040216,1845670
2020-04-24T19:13:46.000Z,2020-04-24T19:19:25.000Z,1531523,2972757
2020-04-24T19:16:38.000Z,2020-04-24T19:39:36.000Z,7597844,2972757
2020-04-24T19:23:07.000Z,2020-04-24T19:38:18.000Z,5715864,2972757
2020-04-24T19:23:33.000Z,2020-04-24T19:32:24.000Z,2642213,2972757
2020-04-24T19:44:32.000Z,2020-04-24T20:51:43.000Z,2152982,7195993
2020-04-24T19:48:15.000Z,2020-04-24T20:31:35.000Z,6837359,1845670
2020-04-24T19:52:45.000Z,2020-04-24T20:25:49.000Z,1686447,2303104
2020-04-24T19:57:58.000Z,2020-04-24T20:13:54.000Z,7747354,1845670
2020-04-24T19:58:33.000Z,2020-04-24T20:16:56.000Z,3386720,7195993
2020-04-24T20:13:59.000Z,2020-04-24T21:01:35.000Z,8978166,7195993
2020-04-24T20:18:33.000Z,2020-04-24T21:09:59.000Z,2519833,7479583
2020-04-24T20:21:32.000Z,2020-04-24T22:29:06.000Z,9422490,7479583
2020-04-24T20:24:48.000Z,2020-04-24T22:05:34.000Z,8642914,2896512
2020-04-24T20:29:33.000Z,2020-04-24T21:02:20.000Z,38180,7479583
2020-04-24T20:32:37.000Z,2020-04-24T20:51:42.000Z,5671277,7195993
2020-04-24T20:40:35.000Z,2020-04-24T22:04:08.000Z,5587540,1845670
2020-04-24T20:41:40.000Z,2020-04-24T21:55:10.000Z,2116697,2303104
2020-04-24T20:42:31.000Z,2020-04-24T22:44:37.000Z,8416565,2896512
2020-04-24T20:56:30.000Z,2020-04-24T22:38:54.000Z,2551454,2896512
2020-04-24T20:58:54.000Z,2020-04-24T21:57:08.000Z,1385334,1845670
2020-04-24T21:03:17.000Z,2020-04-24T22:01:40.000Z,5141123,2255077
2020-04-24T21:04:04.000Z,2020-04-24T22:08:28.000Z,9073843,2896512
2020-04-24T21:06:01.000Z,2020-04-24T21:16:50.000Z,6055613,2255077
2020-04-24T21:08:56.000Z,2020-04-24T21:45:39.000Z,8511985,2255077
2020-04-24T21:18:58.000Z,2020-04-24T23:28:16.000Z,9891925,2382928
2020-04-24T21:22:01.000Z,2020-04-24T22:25:03.000Z,2665152,2382928
2020-04-24T21:23:34.000Z,2020-04-24T21:54:03.000Z,4485183,2303104
2020-04-24T21:24:41.000Z,2020-04-24T22:09:36.000Z,9111819,2255077
2020-04-24T21:25:04.000Z,2020-04-24T22:43:37.000Z,8871900,2255077
2020-04-24T21:25:26.000Z,2020-04-24T22:36:37.000Z,7133739,2255077
2020-04-24T21:30:28.000Z,2020-04-24T21:36:47.000Z,3323132,2255077
2020-04-24T21:33:56.000Z,2020-04-24T22:44:09.000Z,91446,7479583
2020-04-24T21:36:45.000Z,2020-04-24T21:47:22.000Z,3052076,2382928
2020-04-24T21:37:50.000Z,2020-04-24T22:35:28.000Z,3034212,7479583
2020-04-24T21:40:11.000Z,2020-04-24T22:38:38.000Z,9637011,2255077
2020-04-24T21:48:34.000Z,2020-04-24T22:00:42.000Z,5763778,2303104
2020-04-24T21:54:36.000Z,2020-04-24T22:27:14.000Z,3627062,2255077
2020-04-24T22:02:24.000Z,2020-04-24T23:12:14.000Z,1644829,2303104
2020-04-24T22:11:13.000Z,2020-04-24T22:20:44.000Z,6350019,2896512
2020-04-24T22:13:48.000Z,2020-04-24T22:14:26.000Z,4864753,1845670
2020-04-24T22:14:16.000Z,2020-04-24T22:15:10.000Z,8924115,6048764
2020-04-24T22:17:37.000Z,2020-04-24T23:51:01.000Z,3629925,5098338
2020-04-24T22:17:41.000Z,2020-04-25T00:24:37.000Z,8016097,6048764
2020-04-24T22:20:01.000Z,2020-04-24T23:30:19.000Z,1064936,2382928
2020-04-24T22:36:35.000Z,2020-04-24T23:02:48.000Z,1608902,2255077
2020-04-24T22:49:45.000Z,2020-04-24T23:11:35.000Z,3490179,7479583
2020-04-24T22:51:40.000Z,2020-04-24T22:53:58.000Z,6165355,2896512
2020-04-24T22:56:02.000Z,2020-04-24T23:00:05.000Z,6714543,2303104
2020-04-24T22:56:46.000Z,2020-04-24T23:47:19.000Z,1587148,6048764
2020-04-24T22:58:06.000Z,2020-04-24T23:09:24.000Z,289791,2255077
2020-04-24T22:58:53.000Z,2020-04-24T23:28:24.000Z,3329796,2382928
2020-04-24T23:04:49.000Z,2020-04-24T23:06:28.000Z,8554957,2255077
2020-04-24T23:05:19.000Z,2020-04-24T23:50:16.000Z,3211892,5098338
2020-04-24T23:20:22.000Z,2020-04-25T00:14:05.000Z,521859,5098338
2020-04-24T23:24:26.000Z,2020-04-24T23:34:41.000Z,5715545,2382928
2020-04-24T23:30:45.000Z,2020-04-25T00:49:36.000Z,8178974,5098338
2020-04-24T23:39:08.000Z,2020-04-25T00:28:28.000Z,5139332,6048764
2020-04-24T23:43:21.000Z,2020-04-25T01:02:31.000Z,6593877,6048764
2020-04-24T23:54:59.000Z,2020-04-25T00:03:01.000Z,4809066,5098338
2020-04-25T00:01:42.000Z,2020-04-25T00:09:32.000Z,3824219,6048764
2020-04-25T00:13:50.000Z,2020-04-25T00:14:16.000Z,3064853,5098338
2020-05-06T13:25:00.000Z,2020-05-06T13:55:00.000Z,15044,1753990
2020-05-08T13:24:03.000Z,2020-05-08T13:24:04.000Z,15044,1753990
2020-05-08T13:26:23.000Z,2020-05-08T13:38:18.000Z,15044,1753990
2020-05-08T13:40:17.000Z,2020-05-08T14:10:17.000Z,15044,1753990
2020-05-10T09:14:00.000Z,2020-05-10T09:14:10.000Z,15044,1753990
2020-05-10T09:46:17.000Z,2020-05-10T10:43:44.000Z,94210,1753990
2020-05-10T09:46:45.000Z,2020-05-10T10:43:44.000Z,94210,1753990
2020-05-10T10:43:57.000Z,2020-05-10T10:44:05.000Z,94210,1753990
2020-05-10T10:45:09.000Z,2020-05-10T10:45:15.000Z,15044,1753990
2020-05-10T11:04:49.000Z,2020-05-10T12:16:04.000Z,15044,1753990
2020-05-10T12:16:27.000Z,2020-05-10T12:46:27.000Z,15044,94210
2020-05-10T12:38:36.000Z,2020-05-10T12:38:48.000Z,94210,1753990
2020-05-12T13:09:09.000Z,2020-05-12T13:21:41.000Z,606173,404943
2020-05-12T13:25:20.000Z,2020-05-12T13:38:27.000Z,606173,404943
2020-05-12T13:39:21.000Z,2020-05-12T13:41:23.000Z,606173,404943
2020-05-12T13:41:37.000Z,,606173,404943
2020-05-12T13:52:49.000Z,,15044,404943
2020-05-13T01:46:50.000Z,2020-05-13T01:46:55.000Z,1,404943
2020-05-13T01:47:26.000Z,2020-05-13T01:47:31.000Z,2,404943
2020-05-13T02:04:13.000Z,2020-05-13T02:04:50.000Z,2,404943
2020-05-13T02:05:53.000Z,2020-05-13T02:07:29.000Z,2,404943
2020-05-13T02:08:05.000Z,2020-05-13T02:08:32.000Z,2,404943
2020-05-13T02:08:50.000Z,2020-05-13T02:09:28.000Z,2,404943
2020-05-13T02:13:19.000Z,2020-05-13T02:13:40.000Z,2,404943
2020-05-13T02:13:49.000Z,2020-05-13T02:13:54.000Z,2,404943
2020-05-13T02:14:03.000Z,2020-05-13T02:15:31.000Z,2,404943
2020-05-13T02:15:42.000Z,2020-05-13T02:19:22.000Z,2,404943
2020-05-13T02:30:33.000Z,2020-05-13T02:30:53.000Z,2,404943
2020-05-13T02:31:06.000Z,2020-05-13T04:56:18.000Z,2,404943
2020-05-13T02:51:26.000Z,2020-05-13T02:52:09.000Z,1,404943
2020-05-13T03:57:20.000Z,2020-05-13T03:57:27.000Z,1,404943
2020-05-13T04:24:42.000Z,2020-05-13T04:24:48.000Z,1,404943
2020-05-13T04:56:37.000Z,2020-05-13T05:15:26.000Z,2,404943
2020-05-13T07:38:24.000Z,2020-05-13T07:38:29.000Z,2,1
2020-05-22T06:53:42.000Z,2020-05-22T06:53:46.000Z,1,404943
2020-05-23T13:59:58.000Z,2020-05-23T14:00:04.000Z,1,404943
2020-05-23T14:14:45.000Z,2020-05-23T14:14:50.000Z,1,404943
2020-05-23T14:16:30.000Z,2020-05-23T14:16:35.000Z,1,404943
2020-05-23T14:16:45.000Z,2020-05-23T14:16:49.000Z,1,404943
2020-05-23T14:19:01.000Z,2020-05-23T14:19:06.000Z,1,404943
2020-05-23T14:34:42.000Z,2020-05-23T14:34:46.000Z,1,404943